x_true, y_true, vx_true, vy_true, x_est, y_est, vx_est, vy_est, sensor, RMSE_x, RMSE_y, RMSE_vx, RMSE_vy
0.6000, 0.6000, 5.1999, 0.0000, 0.3122, 0.5803, 1.0000, 1.0000, L, 0.2878, 0.0197, 4.1999, 1.0000
0.8600, 0.6000, 5.1997, 0.0018, 0.8126, 0.6921, 7.1225, 1.3398, R, 0.2062, 0.0665, 3.2662, 1.1812
1.1200, 0.6002, 5.1994, 0.0054, 1.1954, 0.5274, 9.5162, -0.0501, L, 0.1739, 0.0687, 3.6502, 0.9650
1.3800, 0.6006, 5.1990, 0.0108, 1.0820, 0.5615, 4.6149, 2.3374, R, 0.2119, 0.0626, 3.1746, 1.4324
1.6399, 0.6013, 5.1984, 0.0180, 1.4013, 0.6873, 4.9319, 1.9789, L, 0.2175, 0.0679, 2.8419, 1.5525
1.8998, 0.6025, 5.1977, 0.0269, 1.7483, 0.6433, 5.3231, 1.0193, R, 0.2079, 0.0642, 2.5948, 1.4740
2.1597, 0.6041, 5.1968, 0.0377, 2.0550, 0.6908, 5.4270, 0.8987, L, 0.1965, 0.0679, 2.4039, 1.4030
2.4195, 0.6063, 5.1957, 0.0502, 2.2955, 0.6954, 5.2449, 0.7228, R, 0.1890, 0.0709, 2.2487, 1.3337
2.6793, 0.6092, 5.1945, 0.0646, 2.5790, 0.7216, 5.2904, 0.6487, L, 0.1813, 0.0766, 2.1204, 1.2724
2.9390, 0.6128, 5.1931, 0.0807, 2.8604, 0.7083, 5.2992, 0.4353, R, 0.1738, 0.0787, 2.0118, 1.2123
3.1987, 0.6173, 5.1915, 0.0985, 3.1048, 0.7166, 5.2661, 0.4032, L, 0.1681, 0.0808, 1.9183, 1.1596
3.4583, 0.6227, 5.1896, 0.1182, 3.4005, 0.6453, 5.3096, 0.0298, R, 0.1618, 0.0777, 1.8370, 1.1105
3.7177, 0.6291, 5.1875, 0.1396, 3.7129, 0.5800, 5.4043, -0.2436, L, 0.1555, 0.0758, 1.7660, 1.0722
3.9771, 0.6367, 5.1852, 0.1627, 3.9946, 0.5963, 5.4633, -0.1406, R, 0.1499, 0.0739, 1.7033, 1.0364
4.2363, 0.6454, 5.1826, 0.1876, 4.2752, 0.5864, 5.4762, -0.1537, L, 0.1451, 0.0730, 1.6473, 1.0051
4.4954, 0.6555, 5.1796, 0.2142, 4.5323, 0.6044, 5.3307, -0.0754, R, 0.1408, 0.0718, 1.5955, 0.9759
4.7544, 0.6669, 5.1763, 0.2426, 4.7190, 0.6779, 5.1864, 0.2049, L, 0.1369, 0.0697, 1.5478, 0.9468
5.0132, 0.6798, 5.1727, 0.2726, 4.9710, 0.6741, 5.0392, 0.1424, R, 0.1334, 0.0678, 1.5045, 0.9206
5.2717, 0.6942, 5.1687, 0.3044, 5.2728, 0.6687, 5.1284, 0.0911, L, 0.1299, 0.0662, 1.4644, 0.8974
5.5301, 0.7103, 5.1642, 0.3379, 5.5343, 0.6739, 5.2675, 0.1069, R, 0.1266, 0.0651, 1.4276, 0.8762
5.7883, 0.7281, 5.1593, 0.3730, 5.8343, 0.6843, 5.3321, 0.1157, L, 0.1239, 0.0642, 1.3937, 0.8569
6.0462, 0.7476, 5.1539, 0.4098, 6.0741, 0.6267, 5.1280, -0.0940, R, 0.1212, 0.0678, 1.3616, 0.8441
6.3038, 0.7691, 5.1480, 0.4482, 6.3279, 0.7169, 5.1131, 0.1971, L, 0.1187, 0.0672, 1.3317, 0.8272
6.5611, 0.7925, 5.1416, 0.4883, 6.5782, 0.7456, 5.0632, 0.2513, R, 0.1162, 0.0665, 1.3038, 0.8112
6.8181, 0.8180, 5.1345, 0.5300, 6.8240, 0.7455, 5.0512, 0.2144, L, 0.1139, 0.0667, 1.2775, 0.7973
7.0747, 0.8456, 5.1268, 0.5733, 7.0652, 0.7311, 4.8772, 0.1246, R, 0.1117, 0.0692, 1.2537, 0.7868
7.3309, 0.8754, 5.1185, 0.6181, 7.2777, 0.8092, 4.8130, 0.3415, L, 0.1101, 0.0691, 1.2317, 0.7739
7.5867, 0.9074, 5.1095, 0.6645, 7.5780, 0.8230, 5.1584, 0.3491, R, 0.1081, 0.0697, 1.2095, 0.7623
7.8420, 0.9419, 5.0997, 0.7125, 7.8330, 0.8017, 5.1573, 0.2365, L, 0.1062, 0.0733, 1.1885, 0.7542
8.0968, 0.9788, 5.0891, 0.7619, 8.0808, 0.8186, 4.9773, 0.2369, R, 0.1045, 0.0777, 1.1687, 0.7477
8.3511, 1.0181, 5.0777, 0.8128, 8.3162, 0.8351, 4.9524, 0.2521, L, 0.1030, 0.0832, 1.1499, 0.7424
8.6047, 1.0601, 5.0654, 0.8652, 8.5902, 0.9252, 5.2348, 0.4971, R, 0.1014, 0.0853, 1.1322, 0.7336
8.8578, 1.1047, 5.0522, 0.9190, 8.8330, 0.9854, 5.1972, 0.6001, L, 0.0999, 0.0866, 1.1152, 0.7246
9.1101, 1.1521, 5.0380, 0.9742, 9.1254, 1.0238, 5.2445, 0.6189, R, 0.0985, 0.0881, 1.0993, 0.7164
9.3617, 1.2022, 5.0228, 1.0308, 9.3663, 1.0553, 5.2056, 0.6232, L, 0.0971, 0.0903, 1.0839, 0.7095
9.6125, 1.2552, 5.0066, 1.0887, 9.6476, 1.1292, 5.2557, 0.7441, R, 0.0959, 0.0915, 1.0695, 0.7019
9.8625, 1.3112, 4.9892, 1.1479, 9.9272, 1.2619, 5.2752, 1.0102, L, 0.0952, 0.0906, 1.0560, 0.6927
10.1117, 1.3701, 4.9707, 1.2084, 10.1725, 1.3440, 5.0176, 1.0725, R, 0.0944, 0.0895, 1.0421, 0.6839
10.3598, 1.4321, 4.9511, 1.2701, 10.3934, 1.4236, 4.9595, 1.1489, L, 0.0934, 0.0883, 1.0286, 0.6754
10.6069, 1.4972, 4.9301, 1.3330, 10.6234, 1.4939, 4.7256, 1.1586, R, 0.0922, 0.0872, 1.0162, 0.6674
10.8530, 1.5655, 4.9079, 1.3970, 10.8412, 1.5195, 4.6967, 1.0718, L, 0.0911, 0.0865, 1.0043, 0.6612
11.0979, 1.6370, 4.8844, 1.4621, 11.1126, 1.5619, 4.8890, 1.0535, R, 0.0901, 0.0862, 0.9922, 0.6563
11.3416, 1.7118, 4.8595, 1.5283, 11.3950, 1.6081, 4.9593, 1.0302, L, 0.0894, 0.0867, 0.9808, 0.6531
11.5840, 1.7899, 4.8331, 1.5955, 11.6264, 1.6491, 4.8631, 0.9936, R, 0.0886, 0.0883, 0.9696, 0.6519
11.8251, 1.8714, 4.8053, 1.6637, 11.8532, 1.7188, 4.8302, 1.0506, L, 0.0877, 0.0902, 0.9587, 0.6511
12.0647, 1.9564, 4.7760, 1.7327, 12.1138, 1.8025, 4.9907, 1.1540, R, 0.0870, 0.0920, 0.9488, 0.6496
12.3029, 2.0448, 4.7451, 1.8027, 12.3590, 1.8331, 4.9867, 1.0806, L, 0.0865, 0.0961, 0.9393, 0.6512
12.5394, 2.1368, 4.7126, 1.8734, 12.6186, 1.8819, 5.0936, 1.0779, R, 0.0864, 0.1020, 0.9311, 0.6546
12.7743, 2.2323, 4.6784, 1.9448, 12.8190, 2.0338, 4.9801, 1.3517, L, 0.0857, 0.1049, 0.9225, 0.6534
13.0075, 2.3314, 4.6426, 2.0170, 13.0900, 2.1409, 5.1290, 1.4765, R, 0.0856, 0.1072, 0.9159, 0.6513
13.2388, 2.4341, 4.6050, 2.0898, 13.2968, 2.2954, 5.0254, 1.7019, L, 0.0852, 0.1080, 0.9087, 0.6472
13.4682, 2.5405, 4.5656, 2.1632, 13.4718, 2.4215, 4.6115, 1.7770, R, 0.0844, 0.1082, 0.9000, 0.6432
13.6955, 2.6505, 4.5245, 2.2370, 13.7205, 2.5484, 4.6380, 1.8768, L, 0.0836, 0.1081, 0.8916, 0.6390
13.9208, 2.7643, 4.4815, 2.3113, 13.9416, 2.6467, 4.5811, 1.8837, R, 0.0829, 0.1082, 0.8834, 0.6357
14.1439, 2.8818, 4.4366, 2.3860, 14.1694, 2.8149, 4.5642, 2.0825, L, 0.0822, 0.1076, 0.8755, 0.6312
14.3646, 3.0030, 4.3897, 2.4610, 14.4230, 2.9216, 4.7388, 2.1121, R, 0.0819, 0.1072, 0.8689, 0.6273
14.5830, 3.1280, 4.3410, 2.5362, 14.6315, 2.9906, 4.6939, 2.0193, L, 0.0814, 0.1078, 0.8625, 0.6255
14.7989, 3.2568, 4.2902, 2.6116, 14.8655, 3.1392, 4.7383, 2.1604, R, 0.0812, 0.1080, 0.8571, 0.6229
15.0122, 3.3893, 4.2374, 2.6870, 15.0776, 3.3486, 4.6712, 2.4349, L, 0.0809, 0.1072, 0.8516, 0.6185
15.2228, 3.5256, 4.1826, 2.7625, 15.2903, 3.4953, 4.4615, 2.4670, R, 0.0807, 0.1064, 0.8453, 0.6145
15.4306, 3.6657, 4.1257, 2.8379, 15.5049, 3.6977, 4.4278, 2.6782, L, 0.0806, 0.1056, 0.8392, 0.6098
15.6355, 3.8096, 4.0668, 2.9131, 15.7189, 3.8092, 4.3655, 2.6056, R, 0.0807, 0.1047, 0.8333, 0.6061
15.8375, 3.9572, 4.0057, 2.9882, 15.9409, 3.9605, 4.3674, 2.6606, L, 0.0811, 0.1039, 0.8279, 0.6027
16.0363, 4.1085, 3.9425, 3.0629, 16.1413, 4.0900, 4.1530, 2.6068, R, 0.0815, 0.1031, 0.8218, 0.6007
16.2319, 4.2636, 3.8772, 3.1372, 16.3335, 4.3060, 4.1026, 2.8354, L, 0.0818, 0.1025, 0.8160, 0.5972
16.4242, 4.4224, 3.8097, 3.2111, 16.5490, 4.4497, 4.1279, 2.8402, R, 0.0827, 0.1017, 0.8107, 0.5944
16.6130, 4.5849, 3.7400, 3.2844, 16.7239, 4.6313, 4.0586, 2.9505, L, 0.0832, 0.1011, 0.8056, 0.5914
16.7983, 4.7510, 3.6682, 3.3570, 16.8852, 4.7753, 3.6842, 2.8631, R, 0.0832, 0.1004, 0.7996, 0.5901
16.9799, 4.9208, 3.5942, 3.4290, 17.0383, 5.0328, 3.5949, 3.1688, L, 0.0829, 0.1006, 0.7938, 0.5866
17.1579, 5.0941, 3.5180, 3.5001, 17.2166, 5.1676, 3.5543, 3.0924, R, 0.0826, 0.1003, 0.7881, 0.5845
17.3319, 5.2709, 3.4396, 3.5703, 17.3681, 5.3714, 3.4907, 3.2262, L, 0.0821, 0.1003, 0.7826, 0.5818
17.5019, 5.4513, 3.3591, 3.6395, 17.5342, 5.4982, 3.4000, 3.1092, R, 0.0817, 0.0997, 0.7772, 0.5811
17.6679, 5.6351, 3.2764, 3.7076, 17.7210, 5.6374, 3.4365, 3.0632, L, 0.0813, 0.0990, 0.7720, 0.5820
17.8297, 5.8222, 3.1915, 3.7746, 17.8763, 5.7930, 3.2741, 3.0300, R, 0.0810, 0.0984, 0.7669, 0.5845
17.9872, 6.0127, 3.1045, 3.8403, 18.0402, 6.0224, 3.2511, 3.2316, L, 0.0807, 0.0978, 0.7619, 0.5848
18.1402, 6.2064, 3.0154, 3.9046, 18.1993, 6.2038, 3.2218, 3.2787, R, 0.0804, 0.0971, 0.7573, 0.5854
18.2888, 6.4033, 2.9242, 3.9675, 18.3123, 6.4871, 3.0937, 3.5986, L, 0.0799, 0.0970, 0.7526, 0.5831
18.4328, 6.6033, 2.8309, 4.0289, 18.4527, 6.6722, 2.9710, 3.5805, R, 0.0794, 0.0967, 0.7479, 0.5816
18.5720, 6.8064, 2.7356, 4.0887, 18.5970, 6.8221, 2.9723, 3.5067, L, 0.0790, 0.0961, 0.7436, 0.5816
18.7064, 7.0124, 2.6383, 4.1467, 18.7541, 7.0081, 3.0187, 3.5453, R, 0.0787, 0.0955, 0.7402, 0.5818
18.8359, 7.2212, 2.5389, 4.2030, 18.9508, 7.1660, 3.1129, 3.4838, L, 0.0792, 0.0951, 0.7384, 0.5837
18.9604, 7.4328, 2.4377, 4.2574, 19.0517, 7.3243, 2.7881, 3.3688, R, 0.0794, 0.0952, 0.7349, 0.5884
19.0798, 7.6471, 2.3345, 4.3098, 19.1267, 7.6448, 2.6135, 3.7740, L, 0.0791, 0.0947, 0.7311, 0.5878
19.1939, 7.8640, 2.2295, 4.3602, 19.2560, 7.8272, 2.5933, 3.7498, R, 0.0789, 0.0942, 0.7278, 0.5880
19.3028, 8.0833, 2.1227, 4.4084, 19.3266, 8.0772, 2.4575, 3.9248, L, 0.0785, 0.0936, 0.7244, 0.5869
19.4062, 8.3050, 2.0141, 4.4544, 19.4313, 8.2678, 2.4232, 3.9153, R, 0.0781, 0.0932, 0.7215, 0.5864
19.5042, 8.5289, 1.9038, 4.4982, 19.5252, 8.4248, 2.3842, 3.8250, L, 0.0776, 0.0933, 0.7192, 0.5875
19.5966, 8.7549, 1.7919, 4.5396, 19.6283, 8.5992, 2.2416, 3.7335, R, 0.0773, 0.0943, 0.7167, 0.5904
19.6835, 8.9830, 1.6784, 4.5785, 19.7840, 8.8002, 2.3214, 3.7571, L, 0.0776, 0.0957, 0.7159, 0.5935
19.7645, 9.2129, 1.5634, 4.6149, 19.8703, 8.9888, 2.1100, 3.6971, R, 0.0779, 0.0981, 0.7143, 0.5981
19.8398, 9.4446, 1.4470, 4.6487, 19.9867, 9.2595, 2.0996, 3.9096, L, 0.0790, 0.0994, 0.7136, 0.5998
19.9093, 9.6779, 1.3292, 4.6798, 20.0468, 9.4435, 1.8127, 3.7961, R, 0.0799, 0.1019, 0.7115, 0.6036
19.9728, 9.9128, 1.2100, 4.7083, 20.1160, 9.7294, 1.7341, 4.0430, L, 0.0808, 0.1031, 0.7098, 0.6043
20.0303, 10.1489, 1.0897, 4.7339, 20.1788, 9.9737, 1.6820, 4.1633, R, 0.0819, 0.1041, 0.7086, 0.6039
20.0818, 10.3863, 0.9683, 4.7567, 20.2153, 10.2923, 1.5449, 4.4528, L, 0.0826, 0.1040, 0.7074, 0.6016
20.1271, 10.6247, 0.8457, 4.7765, 20.2423, 10.4975, 1.2388, 4.3115, R, 0.0830, 0.1043, 0.7048, 0.6003
20.1663, 10.8640, 0.7223, 4.7934, 20.2892, 10.8105, 1.1695, 4.5569, L, 0.0835, 0.1039, 0.7027, 0.5977
20.1993, 11.1041, 0.5979, 4.8073, 20.3167, 11.0629, 1.0362, 4.5946, R, 0.0839, 0.1034, 0.7005, 0.5950
20.2261, 11.3449, 0.4727, 4.8181, 20.3517, 11.3171, 0.9920, 4.6602, L, 0.0844, 0.1030, 0.6989, 0.5922
20.2466, 11.5861, 0.3469, 4.8257, 20.3157, 11.5240, 0.4828, 4.4215, R, 0.0843, 0.1026, 0.6955, 0.5906
20.2608, 11.8275, 0.2204, 4.8303, 20.3799, 11.7840, 0.5474, 4.5032, L, 0.0847, 0.1022, 0.6928, 0.5886
20.2687, 12.0692, 0.0935, 4.8316, 20.4020, 12.0137, 0.6243, 4.5710, R, 0.0853, 0.1019, 0.6914, 0.5863
20.2701, 12.3108, -0.0339, 4.8297, 20.3823, 12.3395, 0.4786, 4.8241, L, 0.0856, 0.1014, 0.6899, 0.5834
20.2652, 12.5522, -0.1615, 4.8245, 20.3498, 12.5387, 0.0702, 4.5422, R, 0.0856, 0.1009, 0.6869, 0.5813
20.2540, 12.7933, -0.2894, 4.8161, 20.3727, 12.7924, 0.0984, 4.5998, L, 0.0860, 0.1004, 0.6847, 0.5789
20.2363, 13.0339, -0.4173, 4.8043, 20.3738, 12.9917, -0.0236, 4.4414, R, 0.0866, 0.1000, 0.6825, 0.5772
20.2122, 13.2738, -0.5453, 4.7892, 20.3361, 13.2185, -0.1012, 4.4654, L, 0.0870, 0.0997, 0.6807, 0.5754
20.1818, 13.5129, -0.6731, 4.7707, 20.3049, 13.4311, -0.2222, 4.4003, R, 0.0874, 0.0996, 0.6789, 0.5738
20.1449, 13.7509, -0.8008, 4.7489, 20.2744, 13.7255, -0.2959, 4.5847, L, 0.0879, 0.0991, 0.6775, 0.5714
20.1017, 13.9878, -0.9280, 4.7237, 20.2336, 13.9202, -0.5227, 4.3768, R, 0.0884, 0.0989, 0.6756, 0.5697
20.0521, 14.2233, -1.0549, 4.6952, 20.1644, 14.2126, -0.6465, 4.5664, L, 0.0886, 0.0985, 0.6736, 0.5673
19.9962, 14.4573, -1.1812, 4.6633, 20.0995, 14.4195, -0.8250, 4.4383, R, 0.0888, 0.0981, 0.6715, 0.5652
19.9340, 14.6897, -1.3069, 4.6280, 19.9753, 14.7151, -1.0341, 4.6412, L, 0.0885, 0.0977, 0.6690, 0.5627
19.8655, 14.9202, -1.4318, 4.5894, 19.9121, 14.9131, -1.1107, 4.5112, R, 0.0882, 0.0972, 0.6667, 0.5602
19.7908, 15.1486, -1.5558, 4.5475, 19.8898, 15.1404, -1.0409, 4.5035, L, 0.0883, 0.0968, 0.6655, 0.5578
19.7099, 15.3749, -1.6789, 4.5023, 19.7869, 15.3071, -1.5616, 4.0327, R, 0.0882, 0.0966, 0.6627, 0.5571
19.6229, 15.5989, -1.8008, 4.4537, 19.7554, 15.4988, -1.4573, 3.9928, L, 0.0887, 0.0966, 0.6607, 0.5564
19.5298, 15.8203, -1.9216, 4.4019, 19.6769, 15.6753, -1.5181, 3.8914, R, 0.0893, 0.0972, 0.6589, 0.5560
19.4307, 16.0390, -2.0411, 4.3469, 19.5519, 15.9276, -1.6509, 4.0428, L, 0.0897, 0.0973, 0.6571, 0.5543
19.3257, 16.2549, -2.1592, 4.2887, 19.4541, 16.1189, -1.7025, 4.0032, R, 0.0900, 0.0977, 0.6557, 0.5526
19.2148, 16.4679, -2.2759, 4.2273, 19.3403, 16.3204, -1.7651, 4.0167, L, 0.0904, 0.0982, 0.6546, 0.5507
19.0981, 16.6777, -2.3909, 4.1628, 19.2342, 16.4925, -1.9493, 3.8159, R, 0.0909, 0.0992, 0.6532, 0.5493
18.9757, 16.8841, -2.5042, 4.0953, 19.0825, 16.7456, -2.0972, 3.9780, L, 0.0910, 0.0996, 0.6515, 0.5472
18.8477, 17.0872, -2.6157, 4.0248, 18.9411, 16.9146, -2.4939, 3.6183, R, 0.0910, 0.1004, 0.6490, 0.5462
18.7142, 17.2866, -2.7253, 3.9513, 18.7273, 17.2041, -2.7420, 3.8970, L, 0.0907, 0.1003, 0.6464, 0.5440
18.5752, 17.4822, -2.8330, 3.8749, 18.6070, 17.4091, -2.5967, 4.0230, R, 0.0904, 0.1001, 0.6442, 0.5420
18.4309, 17.6740, -2.9386, 3.7957, 18.3807, 17.6389, -2.8245, 4.1226, L, 0.0901, 0.0997, 0.6417, 0.5407
18.2814, 17.8617, -3.0420, 3.7137, 18.2306, 17.8257, -2.8837, 4.0328, R, 0.0899, 0.0994, 0.6394, 0.5393
18.1268, 18.0453, -3.1432, 3.6291, 18.1187, 18.0178, -2.8067, 3.9998, L, 0.0895, 0.0990, 0.6376, 0.5382
17.9671, 18.2246, -3.2420, 3.5418, 17.9495, 18.1546, -3.0941, 3.6028, R, 0.0892, 0.0988, 0.6352, 0.5361
17.8026, 18.3994, -3.3385, 3.4520, 17.8395, 18.2895, -2.9714, 3.4868, L, 0.0889, 0.0989, 0.6336, 0.5341
17.6334, 18.5697, -3.4325, 3.3597, 17.7130, 18.4525, -3.0034, 3.3580, R, 0.0888, 0.0991, 0.6323, 0.5321
17.4595, 18.7353, -3.5239, 3.2651, 17.5009, 18.6647, -3.1649, 3.4779, L, 0.0886, 0.0989, 0.6307, 0.5304
17.2810, 18.8962, -3.6127, 3.1682, 17.3278, 18.7884, -3.3420, 3.1834, R, 0.0883, 0.0990, 0.6288, 0.5284
17.0983, 19.0521, -3.6988, 3.0690, 17.1726, 18.9293, -3.3059, 3.1391, L, 0.0882, 0.0992, 0.6274, 0.5265
16.9113, 19.2030, -3.7822, 2.9678, 17.0033, 19.0909, -3.4007, 3.0545, R, 0.0883, 0.0993, 0.6259, 0.5246
16.7201, 19.3488, -3.8628, 2.8646, 16.7784, 19.2240, -3.5165, 3.0314, L, 0.0881, 0.0995, 0.6243, 0.5229
16.5251, 19.4894, -3.9405, 2.7594, 16.5839, 19.3716, -3.6968, 2.8626, R, 0.0879, 0.0996, 0.6224, 0.5211
16.3262, 19.6246, -4.0153, 2.6524, 16.3367, 19.5610, -3.8628, 2.9845, L, 0.0876, 0.0994, 0.6203, 0.5199
16.1237, 19.7545, -4.0872, 2.5436, 16.1181, 19.6309, -4.0466, 2.6152, R, 0.0873, 0.0996, 0.6181, 0.5181
15.9176, 19.8789, -4.1560, 2.4333, 15.9056, 19.7884, -4.0832, 2.6759, L, 0.0870, 0.0995, 0.6159, 0.5167
15.7082, 19.9978, -4.2218, 2.3214, 15.7096, 19.9051, -4.0518, 2.6407, R, 0.0867, 0.0995, 0.6139, 0.5156
15.4956, 20.1110, -4.2846, 2.2081, 15.4669, 20.0824, -4.1677, 2.7507, L, 0.0864, 0.0992, 0.6118, 0.5157
15.2799, 20.2185, -4.3443, 2.0935, 15.2356, 20.2271, -4.3284, 2.6330, R, 0.0862, 0.0988, 0.6097, 0.5159
15.0613, 20.3203, -4.4008, 1.9776, 15.0680, 20.3574, -4.2126, 2.6135, L, 0.0859, 0.0985, 0.6078, 0.5168
14.8400, 20.4162, -4.4542, 1.8607, 14.8319, 20.4340, -4.3941, 2.2985, R, 0.0856, 0.0982, 0.6057, 0.5163
14.6161, 20.5063, -4.5044, 1.7427, 14.6229, 20.5572, -4.3726, 2.3122, L, 0.0853, 0.0980, 0.6038, 0.5167
14.3897, 20.5904, -4.5515, 1.6239, 14.3759, 20.6431, -4.5758, 2.0382, R, 0.0850, 0.0977, 0.6017, 0.5161
14.1611, 20.6686, -4.5954, 1.5042, 14.1331, 20.7195, -4.5972, 1.9898, L, 0.0848, 0.0975, 0.5997, 0.5159
13.9304, 20.7408, -4.6361, 1.3839, 13.8879, 20.7883, -4.7453, 1.7360, R, 0.0846, 0.0972, 0.5978, 0.5150
13.6977, 20.8070, -4.6736, 1.2629, 13.6069, 20.8603, -4.8437, 1.7196, L, 0.0846, 0.0970, 0.5960, 0.5146
13.4632, 20.8671, -4.7079, 1.1415, 13.3544, 20.8876, -5.0113, 1.3245, R, 0.0848, 0.0967, 0.5945, 0.5131
13.2271, 20.9211, -4.7390, 1.0197, 13.1184, 20.9251, -4.9630, 1.2614, L, 0.0850, 0.0964, 0.5928, 0.5118
12.9895, 20.9690, -4.7670, 0.8977, 12.8761, 20.9810, -5.0103, 1.1347, R, 0.0852, 0.0961, 0.5912, 0.5105
12.7506, 21.0108, -4.7919, 0.7755, 12.7073, 21.0164, -4.8019, 1.0666, L, 0.0850, 0.0958, 0.5893, 0.5094
12.5106, 21.0465, -4.8136, 0.6532, 12.4374, 21.0573, -4.9672, 0.8807, R, 0.0849, 0.0955, 0.5876, 0.5081
12.2695, 21.0761, -4.8322, 0.5309, 12.1940, 21.1015, -4.9550, 0.8794, L, 0.0848, 0.0952, 0.5858, 0.5072
12.0276, 21.0996, -4.8477, 0.4088, 11.9471, 21.1172, -5.0468, 0.6260, R, 0.0848, 0.0949, 0.5841, 0.5059
11.7850, 21.1170, -4.8602, 0.2869, 11.7188, 21.0886, -4.9616, 0.4988, L, 0.0847, 0.0946, 0.5823, 0.5046
11.5418, 21.1283, -4.8697, 0.1653, 11.4596, 21.0721, -5.0546, 0.2592, R, 0.0847, 0.0944, 0.5807, 0.5031
11.2982, 21.1335, -4.8762, 0.0441, 11.2631, 21.0662, -4.9076, 0.2056, L, 0.0845, 0.0943, 0.5789, 0.5017
11.0544, 21.1327, -4.8798, -0.0766, 10.9915, 21.0264, -5.0360, -0.0541, R, 0.0844, 0.0944, 0.5772, 0.5001
10.8105, 21.1259, -4.8805, -0.1966, 10.8022, 20.9889, -4.8664, -0.1404, L, 0.0841, 0.0947, 0.5755, 0.4986
10.5666, 21.1131, -4.8784, -0.3160, 10.5283, 20.9891, -4.9469, -0.1172, R, 0.0839, 0.0949, 0.5737, 0.4973
10.3229, 21.0943, -4.8735, -0.4347, 10.2270, 21.0385, -5.1040, 0.0065, L, 0.0840, 0.0947, 0.5723, 0.4970
10.0795, 21.0697, -4.8658, -0.5525, 9.9666, 21.0198, -5.1937, -0.2153, R, 0.0842, 0.0945, 0.5711, 0.4962
9.8366, 21.0391, -4.8555, -0.6693, 9.8136, 20.9768, -4.9131, -0.3056, L, 0.0840, 0.0943, 0.5694, 0.4955
9.5942, 21.0028, -4.8426, -0.7852, 9.5635, 20.9643, -4.9309, -0.3113, R, 0.0837, 0.0941, 0.5678, 0.4954
9.3526, 20.9607, -4.8271, -0.9000, 9.4039, 20.9147, -4.6986, -0.3991, L, 0.0836, 0.0939, 0.5662, 0.4954
9.1118, 20.9128, -4.8092, -1.0136, 9.1736, 20.8682, -4.7672, -0.6680, R, 0.0835, 0.0937, 0.5645, 0.4947
8.8719, 20.8594, -4.7888, -1.1260, 8.8517, 20.8521, -4.9851, -0.6142, L, 0.0832, 0.0934, 0.5631, 0.4948
8.6331, 20.8003, -4.7661, -1.2372, 8.6268, 20.7696, -4.9749, -0.9047, R, 0.0830, 0.0932, 0.5616, 0.4940
8.3956, 20.7358, -4.7411, -1.3470, 8.3407, 20.6905, -5.0575, -0.9613, L, 0.0829, 0.0930, 0.5605, 0.4934
8.1593, 20.6657, -4.7139, -1.4554, 8.0878, 20.6121, -5.1085, -1.1862, R, 0.0828, 0.0928, 0.5597, 0.4924
7.9244, 20.5903, -4.6845, -1.5624, 7.8603, 20.5290, -5.0286, -1.2378, L, 0.0827, 0.0926, 0.5587, 0.4916
7.6911, 20.5096, -4.6531, -1.6678, 7.6233, 20.4447, -5.0627, -1.5090, R, 0.0826, 0.0925, 0.5580, 0.4904
7.4594, 20.4237, -4.6198, -1.7717, 7.2976, 20.3877, -5.2553, -1.4590, L, 0.0833, 0.0923, 0.5585, 0.4896
7.2294, 20.3326, -4.5845, -1.8740, 7.0338, 20.2945, -5.2773, -1.5777, R, 0.0843, 0.0921, 0.5593, 0.4887
7.0012, 20.2364, -4.5474, -1.9746, 6.7891, 20.2069, -5.2249, -1.5978, L, 0.0856, 0.0918, 0.5600, 0.4881
6.7749, 20.1352, -4.5085, -2.0736, 6.5373, 20.1168, -5.2229, -1.7048, R, 0.0872, 0.0916, 0.5610, 0.4876
6.5506, 20.0292, -4.4680, -2.1708, 6.3201, 20.0208, -5.1056, -1.7325, L, 0.0886, 0.0913, 0.5615, 0.4873
6.3283, 19.9183, -4.4260, -2.2663, 6.0822, 19.9275, -5.0977, -1.8884, R, 0.0902, 0.0911, 0.5621, 0.4868
6.1082, 19.8027, -4.3824, -2.3599, 5.8404, 19.8305, -5.0630, -1.8952, L, 0.0921, 0.0909, 0.5628, 0.4866
5.8903, 19.6824, -4.3374, -2.4518, 5.5733, 19.6879, -5.1496, -2.2260, R, 0.0948, 0.0906, 0.5645, 0.4856
5.6747, 19.5577, -4.2911, -2.5418, 5.4594, 19.5545, -4.7682, -2.2876, L, 0.0959, 0.0904, 0.5641, 0.4847
5.4615, 19.4284, -4.2436, -2.6299, 5.2412, 19.4044, -4.7364, -2.4859, R, 0.0970, 0.0901, 0.5637, 0.4835
5.2506, 19.2948, -4.1949, -2.7162, 5.0594, 19.2989, -4.5982, -2.4585, L, 0.0977, 0.0899, 0.5630, 0.4825
5.0422, 19.1570, -4.1451, -2.8006, 4.8642, 19.1842, -4.5102, -2.4563, R, 0.0983, 0.0897, 0.5621, 0.4819
4.8363, 19.0150, -4.0943, -2.8830, 4.7402, 19.0346, -4.2364, -2.5190, L, 0.0983, 0.0895, 0.5607, 0.4814
4.6330, 18.8689, -4.0426, -2.9636, 4.5075, 18.8822, -4.3321, -2.7746, R, 0.0985, 0.0892, 0.5596, 0.4803
4.4322, 18.7188, -3.9901, -3.0422, 4.3551, 18.7503, -4.1654, -2.7699, L, 0.0984, 0.0890, 0.5583, 0.4794
4.2342, 18.5648, -3.9369, -3.1189, 4.1656, 18.6054, -4.1156, -2.7945, R, 0.0982, 0.0888, 0.5570, 0.4788
4.0388, 18.4071, -3.8829, -3.1936, 4.0764, 18.4544, -3.8058, -2.8286, L, 0.0980, 0.0887, 0.5556, 0.4782
3.8461, 18.2457, -3.8284, -3.2664, 3.8667, 18.2787, -3.9252, -3.2677, R, 0.0978, 0.0885, 0.5542, 0.4770
3.6561, 18.0807, -3.7734, -3.3373, 3.5863, 18.1332, -4.1516, -3.2255, L, 0.0976, 0.0883, 0.5534, 0.4758
3.4689, 17.9122, -3.7179, -3.4063, 3.4133, 17.9828, -4.0488, -3.1376, R, 0.0975, 0.0882, 0.5525, 0.4750
3.2845, 17.7402, -3.6622, -3.4733, 3.1806, 17.8165, -4.1267, -3.1524, L, 0.0975, 0.0882, 0.5521, 0.4744
3.1029, 17.5650, -3.6061, -3.5384, 2.9629, 17.6325, -4.1891, -3.4422, R, 0.0978, 0.0881, 0.5523, 0.4732
2.9241, 17.3866, -3.5498, -3.6017, 2.8155, 17.5128, -4.0352, -3.3506, L, 0.0978, 0.0883, 0.5519, 0.4724
2.7480, 17.2051, -3.4934, -3.6630, 2.6411, 17.2966, -3.9866, -3.7003, R, 0.0979, 0.0883, 0.5517, 0.4712
2.5749, 17.0205, -3.4370, -3.7225, 2.4863, 17.1038, -3.8663, -3.7167, L, 0.0978, 0.0883, 0.5511, 0.4700
2.4045, 16.8330, -3.3806, -3.7801, 2.3034, 16.9383, -3.8245, -3.5355, R, 0.0978, 0.0884, 0.5506, 0.4692
2.2369, 16.6427, -3.3243, -3.8360, 2.1654, 16.7695, -3.6837, -3.5229, L, 0.0977, 0.0886, 0.5499, 0.4685
2.0722, 16.4497, -3.2681, -3.8900, 1.9624, 16.5702, -3.7304, -3.5620, R, 0.0978, 0.0888, 0.5495, 0.4679
1.9103, 16.2540, -3.2122, -3.9422, 1.8269, 16.3426, -3.5855, -3.6531, L, 0.0977, 0.0888, 0.5488, 0.4672
1.7511, 16.0557, -3.1566, -3.9926, 1.6521, 16.1641, -3.5742, -3.6498, R, 0.0977, 0.0889, 0.5482, 0.4667
1.5947, 15.8549, -3.1013, -4.0413, 1.4613, 15.9990, -3.6094, -3.6182, L, 0.0979, 0.0893, 0.5480, 0.4665
1.4411, 15.6517, -3.0464, -4.0883, 1.3014, 15.7641, -3.5643, -4.0057, R, 0.0982, 0.0894, 0.5479, 0.4654
1.2902, 15.4463, -2.9921, -4.1336, 1.1488, 15.5410, -3.4922, -4.0467, L, 0.0984, 0.0894, 0.5476, 0.4643
1.1420, 15.2386, -2.9383, -4.1773, 0.9670, 15.3457, -3.5132, -4.0430, R, 0.0989, 0.0895, 0.5478, 0.4633
0.9965, 15.0288, -2.8850, -4.2193, 0.7661, 15.1222, -3.5786, -4.0821, L, 0.1000, 0.0895, 0.5486, 0.4623
0.8536, 14.8169, -2.8325, -4.2598, 0.6092, 14.9404, -3.5193, -3.9781, R, 0.1011, 0.0897, 0.5493, 0.4616
0.7133, 14.6030, -2.7806, -4.2986, 0.5512, 14.7340, -3.2000, -3.9851, L, 0.1015, 0.0900, 0.5488, 0.4610
0.5756, 14.3872, -2.7295, -4.3360, 0.4149, 14.4879, -3.1336, -4.3053, R, 0.1019, 0.0900, 0.5482, 0.4600
0.4405, 14.1696, -2.6792, -4.3718, 0.2564, 14.2614, -3.1372, -4.3256, L, 0.1024, 0.0900, 0.5478, 0.4589
0.3078, 13.9502, -2.6298, -4.4062, 0.0981, 14.0033, -3.1354, -4.6641, R, 0.1032, 0.0899, 0.5476, 0.4582
0.1775, 13.7292, -2.5813, -4.4391, 0.1404, 13.7582, -2.5952, -4.6697, L, 0.1029, 0.0897, 0.5463, 0.4574
0.0497, 13.5065, -2.5338, -4.4706, 0.0158, 13.5115, -2.5789, -4.8182, R, 0.1027, 0.0895, 0.5451, 0.4570
-0.0758, 13.2823, -2.4873, -4.5008, -0.1427, 13.2726, -2.6590, -4.8169, L, 0.1026, 0.0893, 0.5440, 0.4564
-0.1990, 13.0566, -2.4418, -4.5296, -0.2787, 13.0533, -2.6730, -4.6633, R, 0.1025, 0.0891, 0.5430, 0.4555
-0.3199, 12.8295, -2.3974, -4.5570, -0.2366, 12.8422, -2.1966, -4.6061, L, 0.1024, 0.0889, 0.5419, 0.4544
-0.4387, 12.6011, -2.3541, -4.5833, -0.3741, 12.6129, -2.2761, -4.5200, R, 0.1023, 0.0887, 0.5407, 0.4534
-0.5553, 12.3714, -2.3120, -4.6082, -0.4838, 12.3832, -2.2649, -4.5263, L, 0.1022, 0.0885, 0.5395, 0.4525
-0.6698, 12.1404, -2.2711, -4.6320, -0.6239, 12.1699, -2.3385, -4.5222, R, 0.1020, 0.0883, 0.5383, 0.4515
-0.7823, 11.9083, -2.2314, -4.6546, -0.6799, 11.9615, -2.1728, -4.4828, L, 0.1020, 0.0882, 0.5371, 0.4506
-0.8929, 11.6751, -2.1930, -4.6760, -0.8265, 11.7251, -2.2737, -4.5617, R, 0.1019, 0.0881, 0.5360, 0.4497
-1.0016, 11.4409, -2.1559, -4.6963, -1.0286, 11.4767, -2.5151, -4.6111, L, 0.1017, 0.0879, 0.5353, 0.4488
-1.1085, 11.2057, -2.1202, -4.7155, -1.1369, 11.2481, -2.4780, -4.5109, R, 0.1014, 0.0878, 0.5347, 0.4480
-1.2136, 10.9695, -2.0858, -4.7336, -1.3091, 11.0226, -2.6100, -4.5201, L, 0.1014, 0.0876, 0.5346, 0.4472
-1.3171, 10.7324, -2.0527, -4.7508, -1.4122, 10.7686, -2.4988, -4.8047, R, 0.1014, 0.0875, 0.5343, 0.4463
-1.4189, 10.4945, -2.0211, -4.7669, -1.5258, 10.5116, -2.4685, -4.8326, L, 0.1014, 0.0873, 0.5339, 0.4453
-1.5192, 10.2559, -1.9909, -4.7820, -1.6377, 10.2399, -2.4134, -5.0230, R, 0.1015, 0.0871, 0.5335, 0.4446
-1.6180, 10.0165, -1.9622, -4.7962, -1.6992, 10.0356, -2.2483, -4.9210, L, 0.1014, 0.0869, 0.5327, 0.4438
-1.7154, 9.7764, -1.9350, -4.8094, -1.7889, 9.8048, -2.1907, -4.8551, R, 0.1013, 0.0868, 0.5318, 0.4428
-1.8115, 9.5356, -1.9092, -4.8217, -1.8340, 9.5946, -2.0114, -4.7760, L, 0.1011, 0.0867, 0.5307, 0.4419
-1.9063, 9.2943, -1.8850, -4.8332, -1.9631, 9.3319, -2.0607, -4.9714, R, 0.1010, 0.0865, 0.5297, 0.4410
-2.0000, 9.0524, -1.8623, -4.8437, -2.0360, 9.0353, -1.9823, -5.0508, L, 0.1008, 0.0864, 0.5286, 0.4403
-2.0926, 8.8100, -1.8412, -4.8535, -2.1148, 8.8146, -1.9448, -4.9000, R, 0.1006, 0.0862, 0.5276, 0.4394
-2.1841, 8.5672, -1.8216, -4.8624, -2.2015, 8.5664, -1.9162, -4.9022, L, 0.1004, 0.0860, 0.5265, 0.4385
-2.2747, 8.3239, -1.8037, -4.8705, -2.3440, 8.3011, -2.0370, -4.9964, R, 0.1003, 0.0858, 0.5256, 0.4376
-2.3645, 8.0802, -1.7873, -4.8778, -2.3649, 8.0817, -1.8107, -4.9071, L, 0.1001, 0.0856, 0.5245, 0.4367
-2.4535, 7.8362, -1.7725, -4.8843, -2.4120, 7.8756, -1.6782, -4.8312, R, 0.0999, 0.0855, 0.5235, 0.4358
-2.5418, 7.5918, -1.7593, -4.8901, -2.5303, 7.6225, -1.7743, -4.8681, L, 0.0997, 0.0854, 0.5224, 0.4350
-2.6294, 7.3472, -1.7478, -4.8951, -2.6959, 7.3798, -2.0336, -4.7777, R, 0.0996, 0.0852, 0.5216, 0.4341
-2.7166, 7.1024, -1.7379, -4.8993, -2.8026, 7.1266, -2.0502, -4.8079, L, 0.0995, 0.0850, 0.5210, 0.4333
-2.8033, 6.8573, -1.7296, -4.9029, -2.8588, 6.8936, -1.8573, -4.9101, R, 0.0994, 0.0849, 0.5200, 0.4324
-2.8896, 6.6121, -1.7230, -4.9057, -2.8754, 6.7038, -1.6386, -4.7571, L, 0.0992, 0.0849, 0.5189, 0.4316
-2.9756, 6.3668, -1.7180, -4.9077, -2.9142, 6.4941, -1.5669, -4.5680, R, 0.0991, 0.0851, 0.5180, 0.4313
-3.0614, 6.1214, -1.7146, -4.9091, -2.9688, 6.2648, -1.5029, -4.5557, L, 0.0990, 0.0855, 0.5171, 0.4310
-3.1471, 5.8759, -1.7130, -4.9098, -3.1002, 6.0050, -1.6177, -4.7421, R, 0.0989, 0.0857, 0.5161, 0.4303
-3.2327, 5.6304, -1.7129, -4.9097, -3.1966, 5.7205, -1.6726, -4.8489, L, 0.0987, 0.0857, 0.5151, 0.4294
-3.3184, 5.3850, -1.7146, -4.9089, -3.3037, 5.4697, -1.8037, -4.7796, R, 0.0985, 0.0857, 0.5141, 0.4287
-3.4042, 5.1395, -1.7179, -4.9074, -3.4122, 5.2021, -1.8610, -4.8535, L, 0.0983, 0.0856, 0.5132, 0.4278
-3.4903, 4.8942, -1.7228, -4.9052, -3.4782, 4.9557, -1.7234, -4.9312, R, 0.0981, 0.0855, 0.5122, 0.4270
-3.5766, 4.6490, -1.7294, -4.9023, -3.6093, 4.6597, -1.8552, -5.0765, L, 0.0980, 0.0854, 0.5112, 0.4263
-3.6633, 4.4040, -1.7376, -4.8987, -3.7129, 4.4044, -1.9719, -4.9911, R, 0.0978, 0.0852, 0.5104, 0.4255
-3.7504, 4.1591, -1.7475, -4.8943, -3.8622, 4.1180, -2.1105, -5.1210, L, 0.0979, 0.0851, 0.5099, 0.4249
-3.8381, 3.9145, -1.7590, -4.8892, -3.9362, 3.8823, -1.9276, -5.1328, R, 0.0979, 0.0849, 0.5090, 0.4243
-3.9263, 3.6702, -1.7721, -4.8833, -3.9930, 3.6645, -1.8207, -5.0003, L, 0.0978, 0.0848, 0.5081, 0.4236
-4.0153, 3.4262, -1.7869, -4.8767, -4.0752, 3.4793, -1.8600, -4.7639, R, 0.0977, 0.0847, 0.5071, 0.4228
-4.1051, 3.1825, -1.8032, -4.8692, -4.1660, 3.2368, -1.8564, -4.7730, L, 0.0975, 0.0846, 0.5062, 0.4221
-4.1957, 2.9392, -1.8211, -4.8610, -4.2836, 2.9760, -1.9811, -4.8146, R, 0.0975, 0.0844, 0.5053, 0.4213
-4.2873, 2.6963, -1.8406, -4.8520, -4.3807, 2.6919, -1.9888, -4.9303, L, 0.0975, 0.0843, 0.5044, 0.4205
-4.3798, 2.4539, -1.8617, -4.8422, -4.4658, 2.4445, -1.9056, -4.9461, R, 0.0975, 0.0841, 0.5035, 0.4197
-4.4735, 2.2120, -1.8844, -4.8315, -4.5740, 2.1684, -1.9386, -5.0393, L, 0.0975, 0.0840, 0.5025, 0.4191
-4.5684, 1.9707, -1.9085, -4.8199, -4.6744, 1.9468, -2.1280, -4.8854, R, 0.0975, 0.0839, 0.5017, 0.4184
-4.6644, 1.7300, -1.9342, -4.8075, -4.7998, 1.6567, -2.1706, -5.0372, L, 0.0977, 0.0838, 0.5010, 0.4178
-4.7619, 1.4899, -1.9614, -4.7942, -4.9213, 1.4060, -2.2580, -5.0278, R, 0.0980, 0.0838, 0.5004, 0.4173
-4.8607, 1.2505, -1.9901, -4.7799, -4.9728, 1.1951, -2.1401, -4.8595, L, 0.0980, 0.0837, 0.4996, 0.4165
-4.9609, 1.0118, -2.0202, -4.7647, -5.0638, 0.9966, -2.0702, -4.7184, R, 0.0980, 0.0836, 0.4986, 0.4158
-5.0628, 0.7739, -2.0517, -4.7485, -5.1170, 0.7799, -1.9777, -4.6276, L, 0.0979, 0.0834, 0.4977, 0.4151
-5.1662, 0.5369, -2.0847, -4.7313, -5.2199, 0.4532, -2.0672, -4.9207, R, 0.0978, 0.0834, 0.4968, 0.4145
-5.2713, 0.3007, -2.1191, -4.7130, -5.2914, 0.2203, -2.0109, -4.8636, L, 0.0976, 0.0834, 0.4960, 0.4138
-5.3782, 0.0655, -2.1548, -4.6937, -5.3998, -0.0748, -1.8933, -5.0256, R, 0.0975, 0.0837, 0.4953, 0.4135
-5.4869, -0.1688, -2.1918, -4.6733, -5.4645, -0.2975, -1.8475, -4.9254, L, 0.0973, 0.0839, 0.4948, 0.4131
-5.5975, -0.4020, -2.2301, -4.6518, -5.5819, -0.4591, -2.0100, -4.6784, R, 0.0971, 0.0838, 0.4941, 0.4123
-5.7100, -0.6341, -2.2697, -4.6292, -5.7159, -0.6211, -2.1031, -4.4628, L, 0.0969, 0.0837, 0.4933, 0.4117
-5.8246, -0.8650, -2.3106, -4.6054, -5.8322, -0.8478, -2.3526, -4.5136, R, 0.0968, 0.0835, 0.4925, 0.4110
-5.9412, -1.0947, -2.3526, -4.5803, -5.9321, -1.1305, -2.2938, -4.6862, L, 0.0966, 0.0834, 0.4916, 0.4103
-6.0599, -1.3232, -2.3958, -4.5540, -6.0204, -1.4117, -2.2162, -4.8261, R, 0.0964, 0.0834, 0.4908, 0.4099
-6.1809, -1.5503, -2.4401, -4.5265, -6.1609, -1.6067, -2.2956, -4.6880, L, 0.0963, 0.0834, 0.4900, 0.4093
-6.3041, -1.7759, -2.4855, -4.4976, -6.3025, -1.8562, -2.5853, -4.8096, R, 0.0961, 0.0833, 0.4892, 0.4090
-6.4295, -2.0001, -2.5320, -4.4674, -6.4137, -2.1124, -2.5421, -4.8569, L, 0.0959, 0.0835, 0.4883, 0.4089
-6.5574, -2.2228, -2.5795, -4.4359, -6.5662, -2.3033, -2.5543, -4.6774, R, 0.0958, 0.0835, 0.4875, 0.4084
-6.6876, -2.4439, -2.6279, -4.4029, -6.7169, -2.5053, -2.6175, -4.5833, L, 0.0956, 0.0834, 0.4866, 0.4079
-6.8203, -2.6632, -2.6772, -4.3685, -6.8733, -2.7182, -2.7161, -4.5488, R, 0.0955, 0.0833, 0.4858, 0.4073
-6.9555, -2.8808, -2.7274, -4.3326, -6.9604, -3.0039, -2.5867, -4.7211, L, 0.0953, 0.0835, 0.4850, 0.4072
-7.0932, -3.0966, -2.7784, -4.2952, -7.0873, -3.2301, -2.5382, -4.6705, R, 0.0952, 0.0837, 0.4844, 0.4071
-7.2334, -3.3105, -2.8302, -4.2563, -7.2095, -3.4111, -2.5596, -4.5281, L, 0.0950, 0.0838, 0.4838, 0.4067
-7.3763, -3.5224, -2.8827, -4.2159, -7.3519, -3.6762, -2.5938, -4.6441, R, 0.0949, 0.0841, 0.4832, 0.4068
-7.5218, -3.7322, -2.9358, -4.1738, -7.5137, -3.7841, -2.7307, -4.3020, L, 0.0947, 0.0840, 0.4826, 0.4062
-7.6700, -3.9399, -2.9895, -4.1301, -7.6575, -3.9990, -2.8272, -4.3434, R, 0.0946, 0.0839, 0.4818, 0.4057
-7.8209, -4.1454, -3.0438, -4.0848, -7.8092, -4.2342, -2.8381, -4.3879, L, 0.0944, 0.0840, 0.4811, 0.4054
-7.9746, -4.3485, -3.0986, -4.0378, -7.9565, -4.4626, -2.8521, -4.4146, R, 0.0942, 0.0841, 0.4805, 0.4053
-8.1310, -4.5493, -3.1538, -3.9891, -8.1161, -4.7073, -2.8734, -4.4717, L, 0.0941, 0.0844, 0.4800, 0.4056
-8.2901, -4.7476, -3.2093, -3.9386, -8.2518, -4.9110, -2.7220, -4.3328, R, 0.0939, 0.0848, 0.4800, 0.4055
-8.4520, -4.9433, -3.2651, -3.8864, -8.3785, -5.1257, -2.7037, -4.3309, L, 0.0939, 0.0853, 0.4803, 0.4057
-8.6168, -5.1364, -3.3212, -3.8324, -8.5248, -5.2864, -2.7028, -4.1481, R, 0.0939, 0.0856, 0.4809, 0.4054
-8.7843, -5.3267, -3.3774, -3.7766, -8.7138, -5.4780, -2.8238, -4.0890, L, 0.0938, 0.0859, 0.4811, 0.4051
-8.9547, -5.5142, -3.4338, -3.7190, -8.8704, -5.6826, -2.8897, -4.1056, R, 0.0938, 0.0864, 0.4813, 0.4051
-9.1279, -5.6987, -3.4901, -3.6596, -9.0271, -5.8606, -2.9296, -4.0328, L, 0.0938, 0.0867, 0.4816, 0.4050
-9.3039, -5.8803, -3.5464, -3.5982, -9.1638, -6.0132, -2.8834, -3.8778, R, 0.0940, 0.0869, 0.4823, 0.4046
-9.4827, -6.0587, -3.6026, -3.5350, -9.3447, -6.0919, -3.0200, -3.5777, L, 0.0942, 0.0868, 0.4827, 0.4039
-9.6643, -6.2339, -3.6586, -3.4699, -9.5207, -6.2822, -3.1372, -3.6435, R, 0.0944, 0.0867, 0.4828, 0.4034
-9.8487, -6.4058, -3.7143, -3.4029, -9.6564, -6.4982, -3.0762, -3.7355, L, 0.0949, 0.0867, 0.4834, 0.4032
-10.0359, -6.5743, -3.7697, -3.3340, -9.8811, -6.6655, -3.3687, -3.7508, R, 0.0951, 0.0867, 0.4832, 0.4032
-10.2259, -6.7393, -3.8246, -3.2632, -10.0918, -6.8299, -3.4687, -3.6775, L, 0.0953, 0.0867, 0.4828, 0.4033
-10.4186, -6.9008, -3.8791, -3.1905, -10.2729, -6.9993, -3.5325, -3.6659, R, 0.0955, 0.0868, 0.4824, 0.4035
-10.6140, -7.0585, -3.9329, -3.1158, -10.5110, -7.1843, -3.6603, -3.6462, L, 0.0955, 0.0869, 0.4819, 0.4040
-10.8121, -7.2124, -3.9861, -3.0392, -10.7118, -7.3326, -3.7178, -3.5570, R, 0.0955, 0.0871, 0.4814, 0.4044
-11.0128, -7.3625, -4.0386, -2.9606, -10.9672, -7.4955, -3.8706, -3.4930, L, 0.0954, 0.0872, 0.4807, 0.4049
-11.2161, -7.5086, -4.0902, -2.8802, -11.1435, -7.6466, -3.7663, -3.3875, R, 0.0953, 0.0875, 0.4803, 0.4053
-11.4220, -7.6506, -4.1409, -2.7978, -11.2904, -7.7981, -3.6880, -3.3600, L, 0.0955, 0.0877, 0.4802, 0.4059
-11.6304, -7.7885, -4.1907, -2.7135, -11.4749, -7.9374, -3.6902, -3.2811, R, 0.0957, 0.0880, 0.4803, 0.4065
-11.8413, -7.9221, -4.2393, -2.6273, -11.6575, -8.0287, -3.7193, -3.1050, L, 0.0961, 0.0880, 0.4804, 0.4067
-12.0546, -8.0513, -4.2868, -2.5392, -11.8355, -8.1571, -3.6121, -2.9713, R, 0.0968, 0.0881, 0.4811, 0.4068
-12.2702, -8.1761, -4.3331, -2.4493, -12.0563, -8.2304, -3.7297, -2.7722, L, 0.0974, 0.0880, 0.4816, 0.4066
-12.4881, -8.2963, -4.3780, -2.3576, -12.2840, -8.3701, -4.0182, -2.8951, R, 0.0979, 0.0880, 0.4812, 0.4070
-12.7082, -8.4119, -4.4216, -2.2640, -12.4973, -8.4417, -4.0759, -2.7122, L, 0.0984, 0.0879, 0.4809, 0.4072
-12.9304, -8.5228, -4.4636, -2.1686, -12.6851, -8.5460, -3.9222, -2.5520, R, 0.0992, 0.0877, 0.4811, 0.4071
-13.1547, -8.6289, -4.5041, -2.0715, -12.9799, -8.6216, -4.1491, -2.3856, L, 0.0996, 0.0876, 0.4807, 0.4069
-13.3810, -8.7300, -4.5429, -1.9727, -13.2264, -8.7340, -4.3058, -2.3997, R, 0.0998, 0.0875, 0.4802, 0.4069
-13.6092, -8.8262, -4.5800, -1.8721, -13.4576, -8.7717, -4.3730, -2.1924, L, 0.1000, 0.0874, 0.4795, 0.4067
-13.8392, -8.9173, -4.6152, -1.7700, -13.6486, -8.8380, -4.1528, -1.9810, R, 0.1004, 0.0873, 0.4795, 0.4062
-14.0709, -9.0032, -4.6486, -1.6662, -13.8826, -8.9402, -4.2056, -1.9781, L, 0.1008, 0.0873, 0.4794, 0.4060
-14.3043, -9.0840, -4.6800, -1.5609, -14.1345, -9.0431, -4.4568, -2.0760, R, 0.1011, 0.0872, 0.4788, 0.4063
-14.5391, -9.1594, -4.7094, -1.4540, -14.3691, -9.1527, -4.4786, -2.0855, L, 0.1013, 0.0870, 0.4783, 0.4072
-14.7754, -9.2294, -4.7366, -1.3457, -14.5772, -9.2510, -4.3460, -2.0134, R, 0.1018, 0.0869, 0.4780, 0.4083
-15.0130, -9.2940, -4.7616, -1.2360, -14.8876, -9.2234, -4.5868, -1.6621, L, 0.1019, 0.0869, 0.4774, 0.4083
-15.2517, -9.3530, -4.7844, -1.1250, -15.1332, -9.3196, -4.5747, -1.6636, R, 0.1019, 0.0868, 0.4768, 0.4088
-15.4916, -9.4065, -4.8048, -1.0127, -15.4139, -9.4251, -4.6719, -1.6977, L, 0.1019, 0.0866, 0.4761, 0.4099
-15.7324, -9.4543, -4.8228, -0.8992, -15.6299, -9.4893, -4.4465, -1.5355, R, 0.1019, 0.0865, 0.4759, 0.4108
-15.9741, -9.4964, -4.8383, -0.7845, -15.9013, -9.5525, -4.5513, -1.4827, L, 0.1018, 0.0865, 0.4754, 0.4119
-16.2164, -9.5328, -4.8512, -0.6687, -16.1321, -9.5924, -4.4740, -1.3391, R, 0.1017, 0.0864, 0.4751, 0.4129
-16.4594, -9.5633, -4.8616, -0.5520, -16.4005, -9.5559, -4.6025, -1.0670, L, 0.1016, 0.0863, 0.4746, 0.4133
-16.7027, -9.5880, -4.8693, -0.4343, -16.5917, -9.5915, -4.4513, -0.9939, R, 0.1017, 0.0861, 0.4745, 0.4138
-16.9464, -9.6067, -4.8743, -0.3158, -16.9016, -9.5397, -4.6631, -0.7092, L, 0.1015, 0.0861, 0.4739, 0.4137
-17.1903, -9.6195, -4.8765, -0.1965, -17.1414, -9.6221, -4.7073, -0.8504, R, 0.1014, 0.0859, 0.4733, 0.4147
-17.4342, -9.6264, -4.8758, -0.0765, -17.4223, -9.6172, -4.8147, -0.7152, L, 0.1013, 0.0858, 0.4726, 0.4155
-17.6781, -9.6272, -4.8723, 0.0441, -17.6604, -9.6376, -4.6769, -0.6041, R, 0.1011, 0.0857, 0.4720, 0.4164
-17.9216, -9.6219, -4.8659, 0.1652, -17.9354, -9.5760, -4.7897, -0.3602, L, 0.1010, 0.0856, 0.4714, 0.4167
-18.1648, -9.6106, -4.8565, 0.2866, -18.1570, -9.5730, -4.6221, -0.2426, R, 0.1008, 0.0855, 0.4709, 0.4171
-18.4074, -9.5933, -4.8441, 0.4085, -18.3619, -9.6046, -4.5638, -0.3012, L, 0.1007, 0.0854, 0.4704, 0.4183
-18.6493, -9.5698, -4.8286, 0.5305, -18.5824, -9.6194, -4.5922, -0.3253, R, 0.1006, 0.0853, 0.4699, 0.4202
-18.8904, -9.5402, -4.8101, 0.6527, -18.8536, -9.5799, -4.6922, -0.1707, L, 0.1005, 0.0852, 0.4693, 0.4219
-19.1305, -9.5045, -4.7885, 0.7749, -19.0673, -9.5679, -4.6459, -0.1207, R, 0.1004, 0.0852, 0.4686, 0.4240
-19.3694, -9.4626, -4.7638, 0.8971, -19.3444, -9.4068, -4.7866, 0.3140, L, 0.1003, 0.0851, 0.4680, 0.4246
-19.6069, -9.4147, -4.7359, 1.0191, -19.5569, -9.3648, -4.5576, 0.4565, R, 0.1002, 0.0850, 0.4674, 0.4250
-19.8431, -9.3607, -4.7049, 1.1408, -19.8380, -9.1997, -4.7041, 0.8337, L, 0.1000, 0.0853, 0.4667, 0.4248
-20.0775, -9.3006, -4.6707, 1.2622, -20.0652, -9.1137, -4.6168, 0.9818, R, 0.0999, 0.0858, 0.4661, 0.4244
-20.3102, -9.2345, -4.6333, 1.3830, -20.2208, -9.2675, -4.4137, 0.4420, L, 0.0999, 0.0857, 0.4655, 0.4268
-20.5409, -9.1623, -4.5927, 1.5033, -20.4429, -9.2587, -4.3932, 0.4169, R, 0.0999, 0.0857, 0.4650, 0.4301
-20.7696, -9.0841, -4.5490, 1.6230, -20.6905, -9.1217, -4.4802, 0.7205, L, 0.0998, 0.0856, 0.4644, 0.4322
-20.9959, -8.9999, -4.5020, 1.7418, -20.9191, -9.0689, -4.3750, 0.8152, R, 0.0998, 0.0856, 0.4638, 0.4343
-21.2198, -8.9099, -4.4519, 1.8597, -21.1298, -8.9739, -4.3742, 0.9499, L, 0.0997, 0.0855, 0.4631, 0.4364
-21.4412, -8.8139, -4.3986, 1.9767, -21.3484, -8.9170, -4.2502, 1.0253, R, 0.0997, 0.0856, 0.4625, 0.4387
-21.6597, -8.7122, -4.3422, 2.0925, -21.5490, -8.8729, -4.2254, 1.0031, L, 0.0997, 0.0859, 0.4619, 0.4419
-21.8754, -8.6047, -4.2827, 2.2071, -21.7194, -8.7757, -3.8897, 1.2166, R, 0.0999, 0.0862, 0.4618, 0.4443
-22.0881, -8.4914, -4.2201, 2.3204, -21.9385, -8.6564, -3.9518, 1.3735, L, 0.1001, 0.0865, 0.4613, 0.4465
-22.2975, -8.3726, -4.1544, 2.4323, -22.1398, -8.5675, -4.0108, 1.4098, R, 0.1003, 0.0870, 0.4607, 0.4492
-22.5035, -8.2482, -4.0856, 2.5427, -22.3986, -8.4241, -4.1398, 1.6149, L, 0.1003, 0.0874, 0.4601, 0.4512
-22.7061, -8.1183, -4.0139, 2.6515, -22.5729, -8.3421, -3.9284, 1.6605, R, 0.1004, 0.0881, 0.4595, 0.4536
-22.9049, -7.9830, -3.9392, 2.7585, -22.8558, -8.0232, -4.1470, 2.2922, L, 0.1003, 0.0880, 0.4590, 0.4536
-23.1000, -7.8424, -3.8616, 2.8637, -23.0288, -7.9119, -3.7806, 2.3707, R, 0.1003, 0.0879, 0.4584, 0.4537
-23.2911, -7.6966, -3.7812, 2.9670, -23.2830, -7.6885, -3.9251, 2.6602, L, 0.1001, 0.0878, 0.4578, 0.4534
-23.4781, -7.5457, -3.6979, 3.0683, -23.4781, -7.5435, -3.9414, 2.6865, R, 0.1000, 0.0877, 0.4574, 0.4532
-23.6609, -7.3898, -3.6119, 3.1675, -23.6539, -7.4001, -3.9033, 2.7040, L, 0.0999, 0.0876, 0.4570, 0.4532
-23.8393, -7.2290, -3.5232, 3.2645, -23.8362, -7.2480, -3.7673, 2.7782, R, 0.0997, 0.0875, 0.4566, 0.4533
-24.0132, -7.0634, -3.4319, 3.3592, -23.9989, -7.1731, -3.7081, 2.6049, L, 0.0996, 0.0875, 0.4562, 0.4544
-24.1825, -6.8931, -3.3380, 3.4515, -24.1547, -7.0147, -3.4505, 2.7282, R, 0.0995, 0.0876, 0.4556, 0.4553
-24.3470, -6.7182, -3.2417, 3.5414, -24.3426, -6.7122, -3.5075, 3.1640, L, 0.0993, 0.0875, 0.4552, 0.4551
-24.5066, -6.5390, -3.1429, 3.6287, -24.4962, -6.5653, -3.2189, 3.1898, R, 0.0992, 0.0874, 0.4546, 0.4551
-24.6612, -6.3554, -3.0418, 3.7135, -24.5924, -6.4393, -3.0937, 3.0863, L, 0.0991, 0.0874, 0.4540, 0.4557
-24.8107, -6.1676, -2.9385, 3.7955, -24.7208, -6.2760, -2.9185, 3.1338, R, 0.0991, 0.0875, 0.4534, 0.4563
-24.9550, -5.9759, -2.8330, 3.8748, -24.9266, -6.0258, -3.0426, 3.3924, L, 0.0990, 0.0874, 0.4529, 0.4564
-25.0940, -5.7802, -2.7254, 3.9513, -25.0467, -5.8364, -2.8499, 3.4671, R, 0.0989, 0.0873, 0.4523, 0.4565
-25.2276, -5.5808, -2.6158, 4.0249, -25.1911, -5.6552, -2.8543, 3.4879, L, 0.0988, 0.0873, 0.4519, 0.4567
-25.3556, -5.3778, -2.5043, 4.0956, -25.3341, -5.4805, -2.8020, 3.4995, R, 0.0986, 0.0873, 0.4516, 0.4571
-25.4779, -5.1713, -2.3911, 4.1632, -25.5006, -5.2210, -2.8600, 3.7268, L, 0.0985, 0.0873, 0.4516, 0.4571
-25.5946, -4.9615, -2.2761, 4.2278, -25.6177, -5.0625, -2.7536, 3.6572, R, 0.0984, 0.0873, 0.4517, 0.4574
-25.7055, -4.7486, -2.1596, 4.2893, -25.7443, -4.8903, -2.7323, 3.6268, L, 0.0983, 0.0875, 0.4520, 0.4581
-25.8105, -4.5327, -2.0415, 4.3476, -25.8543, -4.7018, -2.5318, 3.6660, R, 0.0982, 0.0878, 0.4522, 0.4588
-25.9096, -4.3139, -1.9220, 4.4028, -25.9861, -4.4198, -2.5498, 3.9267, L, 0.0981, 0.0878, 0.4527, 0.4588
-26.0027, -4.0925, -1.8012, 4.4547, -26.0867, -4.2306, -2.0857, 3.9629, R, 0.0981, 0.0880, 0.4523, 0.4589
-26.0897, -3.8686, -1.6793, 4.5034, -26.1919, -3.8937, -2.0970, 4.3289, L, 0.0981, 0.0879, 0.4523, 0.4584
-26.1706, -3.6423, -1.5562, 4.5487, -26.2581, -3.6834, -1.6829, 4.3481, R, 0.0981, 0.0878, 0.4517, 0.4579
-26.2453, -3.4138, -1.4322, 4.5908, -26.2922, -3.3895, -1.5955, 4.5420, L, 0.0980, 0.0877, 0.4512, 0.4574
-26.3138, -3.1833, -1.3073, 4.6295, -26.3338, -3.1612, -1.2926, 4.5633, R, 0.0979, 0.0876, 0.4506, 0.4568
-26.3760, -2.9510, -1.1816, 4.6649, -26.3631, -2.9173, -1.2290, 4.5998, L, 0.0977, 0.0875, 0.4501, 0.4562
-26.4319, -2.7170, -1.0553, 4.6970, -26.4114, -2.7027, -1.0863, 4.5666, R, 0.0976, 0.0874, 0.4495, 0.4557
-26.4815, -2.4814, -0.9284, 4.7256, -26.4939, -2.5758, -1.1361, 4.3016, L, 0.0975, 0.0874, 0.4490, 0.4556
-26.5247, -2.2446, -0.8011, 4.7509, -26.5397, -2.3501, -1.0172, 4.3363, R, 0.0974, 0.0875, 0.4486, 0.4555
-26.5616, -2.0065, -0.6734, 4.7728, -26.6026, -2.1480, -1.0389, 4.2988, L, 0.0973, 0.0877, 0.4484, 0.4555
-26.5921, -1.7674, -0.5456, 4.7914, -26.6232, -1.9221, -0.8723, 4.3308, R, 0.0972, 0.0879, 0.4481, 0.4556
-26.6161, -1.5275, -0.4176, 4.8066, -26.6370, -1.6386, -0.8180, 4.5051, L, 0.0970, 0.0880, 0.4480, 0.4552
-26.6338, -1.2869, -0.2895, 4.8185, -26.6255, -1.4325, -0.4066, 4.4597, R, 0.0969, 0.0881, 0.4475, 0.4550
-26.6451, -1.0459, -0.1616, 4.8271, -26.6390, -1.1831, -0.3938, 4.5292, L, 0.0968, 0.0883, 0.4471, 0.4547
-26.6500, -0.8044, -0.0339, 4.8324, -26.6599, -0.9731, -0.2348, 4.4884, R, 0.0967, 0.0886, 0.4466, 0.4544
-26.6485, -0.5628, 0.0935, 4.8344, -26.6828, -0.6865, -0.2526, 4.6543, L, 0.0966, 0.0887, 0.4464, 0.4540
-26.6406, -0.3212, 0.2206, 4.8332, -26.6635, -0.4519, 0.1138, 4.6575, R, 0.0965, 0.0888, 0.4459, 0.4535
-26.6264, -0.0797, 0.3471, 4.8287, -26.6256, -0.1066, 0.1783, 4.9537, L, 0.0963, 0.0887, 0.4454, 0.4530
-26.6059, 0.1615, 0.4730, 4.8212, -26.5982, 0.1346, 0.4404, 4.9302, R, 0.0962, 0.0886, 0.4448, 0.4524
-26.5792, 0.4022, 0.5983, 4.8104, -26.5825, 0.4595, 0.4352, 5.1386, L, 0.0961, 0.0886, 0.4444, 0.4522
-26.5462, 0.6423, 0.7227, 4.7967, -26.5588, 0.7076, 0.5307, 5.1105, R, 0.0960, 0.0885, 0.4439, 0.4519
-26.5069, 0.8817, 0.8463, 4.7799, -26.5632, 1.0007, 0.4787, 5.2111, L, 0.0959, 0.0886, 0.4438, 0.4518
-26.4616, 1.1201, 0.9690, 4.7601, -26.5099, 1.2841, 0.5839, 5.2691, R, 0.0958, 0.0889, 0.4436, 0.4520
-26.4101, 1.3575, 1.0905, 4.7374, -26.4692, 1.4983, 0.5987, 5.1383, L, 0.0957, 0.0890, 0.4437, 0.4518
-26.3526, 1.5936, 1.2110, 4.7118, -26.4199, 1.7069, 0.7867, 4.9947, R, 0.0957, 0.0891, 0.4437, 0.4515
-26.2891, 1.8284, 1.3302, 4.6834, -26.3803, 1.8914, 0.7783, 4.8218, L, 0.0957, 0.0890, 0.4440, 0.4510
-26.2197, 2.0617, 1.4481, 4.6524, -26.3041, 2.1179, 1.1029, 4.7578, R, 0.0957, 0.0890, 0.4438, 0.4505
-26.1444, 2.2934, 1.5647, 4.6186, -26.2531, 2.2872, 1.0853, 4.5762, L, 0.0957, 0.0889, 0.4439, 0.4499
-26.0633, 2.5234, 1.6798, 4.5822, -26.1814, 2.5085, 1.1947, 4.5476, R, 0.0957, 0.0888, 0.4440, 0.4494
-25.9765, 2.7514, 1.7934, 4.5433, -26.1103, 2.7659, 1.2199, 4.6273, L, 0.0959, 0.0887, 0.4443, 0.4489
-25.8841, 2.9775, 1.9054, 4.5020, -26.0102, 2.9837, 1.6475, 4.5454, R, 0.0959, 0.0886, 0.4440, 0.4483
-25.7861, 3.2014, 2.0158, 4.4583, -25.9060, 3.2973, 1.7019, 4.7744, L, 0.0960, 0.0886, 0.4437, 0.4481
-25.6826, 3.4231, 2.1245, 4.4123, -25.8147, 3.5335, 1.8713, 4.7436, R, 0.0961, 0.0886, 0.4433, 0.4478
-25.5737, 3.6424, 2.2315, 4.3640, -25.7169, 3.7187, 1.8692, 4.6066, L, 0.0963, 0.0886, 0.4432, 0.4474
-25.4596, 3.8592, 2.3366, 4.3137, -25.5934, 3.9242, 2.1006, 4.5115, R, 0.0964, 0.0886, 0.4428, 0.4470
-25.3402, 4.0735, 2.4399, 4.2612, -25.5380, 4.0800, 1.9956, 4.3243, L, 0.0967, 0.0885, 0.4428, 0.4465
-25.2157, 4.2851, 2.5413, 4.2069, -25.4085, 4.2771, 2.2164, 4.2445, R, 0.0971, 0.0884, 0.4426, 0.4460
-25.0863, 4.4940, 2.6407, 4.1506, -25.2493, 4.5166, 2.3108, 4.3200, L, 0.0973, 0.0883, 0.4423, 0.4455
-24.9518, 4.7000, 2.7382, 4.0925, -25.0883, 4.7179, 2.4388, 4.2755, R, 0.0974, 0.0882, 0.4420, 0.4451
-24.8126, 4.9030, 2.8336, 4.0327, -24.9805, 4.9100, 2.4080, 4.2174, L, 0.0976, 0.0880, 0.4420, 0.4446
-24.6686, 5.1030, 2.9270, 3.9713, -24.8146, 5.1064, 2.6547, 4.1471, R, 0.0978, 0.0879, 0.4417, 0.4442
-24.5201, 5.2999, 3.0183, 3.9084, -24.6493, 5.3382, 2.7207, 4.2144, L, 0.0978, 0.0879, 0.4414, 0.4439
-24.3670, 5.4937, 3.1075, 3.8440, -24.4687, 5.5253, 3.0830, 4.0879, R, 0.0979, 0.0878, 0.4409, 0.4436
-24.2095, 5.6841, 3.1946, 3.7783, -24.2864, 5.6946, 3.1259, 3.9997, L, 0.0978, 0.0877, 0.4404, 0.4432
-24.0477, 5.8713, 3.2796, 3.7113, -24.1141, 5.8592, 3.3595, 3.8528, R, 0.0978, 0.0876, 0.4399, 0.4427
-23.8818, 6.0551, 3.3624, 3.6431, -23.9470, 6.0118, 3.3469, 3.7484, L, 0.0977, 0.0875, 0.4394, 0.4422
-23.7117, 6.2354, 3.4430, 3.5738, -23.7892, 6.2116, 3.2041, 3.8150, R, 0.0976, 0.0874, 0.4390, 0.4419
-23.5377, 6.4123, 3.5215, 3.5036, -23.6391, 6.3584, 3.1728, 3.6992, L, 0.0977, 0.0873, 0.4388, 0.4414
-23.3598, 6.5856, 3.5978, 3.4324, -23.4789, 6.5386, 3.2685, 3.6592, R, 0.0977, 0.0873, 0.4386, 0.4411
-23.1781, 6.7553, 3.6718, 3.3604, -23.2512, 6.7952, 3.4103, 3.8605, L, 0.0977, 0.0872, 0.4383, 0.4412
-22.9928, 6.9215, 3.7438, 3.2877, -23.0436, 6.9469, 3.6022, 3.7153, R, 0.0976, 0.0871, 0.4378, 0.4412
-22.8040, 7.0839, 3.8135, 3.2143, -22.8382, 7.1176, 3.6450, 3.6808, L, 0.0975, 0.0870, 0.4374, 0.4412
-22.6117, 7.2427, 3.8811, 3.1404, -22.6124, 7.2707, 3.9403, 3.5325, R, 0.0974, 0.0869, 0.4369, 0.4411
-22.4161, 7.3978, 3.9465, 3.0660, -22.4422, 7.3907, 3.8710, 3.3820, L, 0.0973, 0.0868, 0.4364, 0.4409
-22.2173, 7.5492, 4.0097, 2.9912, -22.1977, 7.5422, 4.2876, 3.2305, R, 0.0972, 0.0867, 0.4361, 0.4405
-22.0154, 7.6968, 4.0709, 2.9161, -22.0238, 7.6843, 4.2042, 3.1725, L, 0.0970, 0.0866, 0.4357, 0.4402
-21.8105, 7.8406, 4.1299, 2.8407, -21.8223, 7.8773, 4.1417, 3.2819, R, 0.0969, 0.0865, 0.4352, 0.4402
-21.6026, 7.9807, 4.1868, 2.7653, -21.6294, 8.0012, 4.1006, 3.1762, L, 0.0968, 0.0864, 0.4347, 0.4401
-21.3920, 8.1170, 4.2417, 2.6897, -21.4276, 8.1454, 4.1822, 3.1002, R, 0.0967, 0.0864, 0.4342, 0.4401
-21.1787, 8.2496, 4.2945, 2.6142, -21.2313, 8.1392, 4.0995, 2.6865, L, 0.0967, 0.0864, 0.4338, 0.4396
-20.9628, 8.3783, 4.3453, 2.5387, -21.0252, 8.3051, 4.0329, 2.8014, R, 0.0966, 0.0864, 0.4336, 0.4393
-20.7444, 8.5033, 4.3941, 2.4634, -20.8629, 8.4494, 3.9588, 2.8033, L, 0.0967, 0.0863, 0.4336, 0.4391
-20.5237, 8.6246, 4.4409, 2.3883, -20.6018, 8.5846, 4.3650, 2.6827, R, 0.0966, 0.0863, 0.4331, 0.4388
-20.3006, 8.7421, 4.4858, 2.3136, -20.3516, 8.7232, 4.4285, 2.7016, L, 0.0965, 0.0862, 0.4326, 0.4387
-20.0753, 8.8558, 4.5288, 2.2392, -20.1412, 8.8635, 4.3564, 2.7362, R, 0.0965, 0.0861, 0.4322, 0.4388
-19.8480, 8.9659, 4.5700, 2.1652, -19.9637, 8.9400, 4.2542, 2.5740, L, 0.0965, 0.0860, 0.4320, 0.4388
-19.6186, 9.0723, 4.6094, 2.0918, -19.7560, 9.0610, 4.2443, 2.5515, R, 0.0966, 0.0859, 0.4319, 0.4388
-19.3873, 9.1750, 4.6469, 2.0189, -19.5526, 9.1151, 4.1976, 2.3648, L, 0.0968, 0.0858, 0.4319, 0.4386
-19.1542, 9.2741, 4.6828, 1.9467, -19.2937, 9.2426, 4.4811, 2.3118, R, 0.0970, 0.0858, 0.4315, 0.4385
-18.9193, 9.3696, 4.7169, 1.8751, -19.0039, 9.3368, 4.6017, 2.2760, L, 0.0969, 0.0857, 0.4311, 0.4384
-18.6827, 9.4615, 4.7494, 1.8043, -18.7782, 9.4286, 4.6885, 2.1643, R, 0.0969, 0.0856, 0.4306, 0.4382
-18.4446, 9.5500, 4.7803, 1.7343, -18.5251, 9.5247, 4.7204, 2.1393, L, 0.0969, 0.0855, 0.4302, 0.4382
-18.2049, 9.6349, 4.8096, 1.6651, -18.2452, 9.5746, 5.0421, 1.8677, R, 0.0968, 0.0855, 0.4298, 0.4378
-17.9639, 9.7164, 4.8374, 1.5969, -17.9401, 9.7094, 5.1659, 1.9855, L, 0.0967, 0.0854, 0.4296, 0.4377
-17.7214, 9.7946, 4.8637, 1.5296, -17.6761, 9.8223, 5.0925, 2.0738, R, 0.0966, 0.0853, 0.4293, 0.4380
-17.4777, 9.8694, 4.8886, 1.4634, -17.4090, 9.9188, 5.1145, 2.0597, L, 0.0966, 0.0852, 0.4290, 0.4384
-17.2328, 9.9409, 4.9120, 1.3982, -17.1420, 10.0172, 5.2318, 1.9935, R, 0.0966, 0.0852, 0.4287, 0.4388
-16.9868, 10.0091, 4.9342, 1.3341, -16.8790, 10.1255, 5.2384, 2.0150, L, 0.0966, 0.0853, 0.4285, 0.4394
-16.7396, 10.0743, 4.9551, 1.2711, -16.6057, 10.2124, 5.3339, 1.9342, R, 0.0967, 0.0854, 0.4284, 0.4400
-16.4915, 10.1362, 4.9747, 1.2094, -16.3794, 10.2903, 5.2420, 1.8759, L, 0.0967, 0.0856, 0.4281, 0.4407
-16.2424, 10.1952, 4.9931, 1.1488, -16.1036, 10.3780, 5.3733, 1.7947, R, 0.0968, 0.0860, 0.4280, 0.4412
-15.9924, 10.2511, 5.0104, 1.0896, -15.9058, 10.3575, 5.1734, 1.5066, L, 0.0968, 0.0860, 0.4276, 0.4411
-15.7416, 10.3041, 5.0266, 1.0316, -15.6475, 10.4297, 5.1916, 1.4845, R, 0.0968, 0.0861, 0.4272, 0.4412
-15.4899, 10.3543, 5.0417, 0.9750, -15.4658, 10.3839, 4.9711, 1.1711, L, 0.0967, 0.0860, 0.4268, 0.4408
-15.2376, 10.4016, 5.0558, 0.9197, -15.1465, 10.4296, 5.3542, 0.9938, R, 0.0967, 0.0860, 0.4266, 0.4403
-14.9846, 10.4462, 5.0689, 0.8658, -14.8935, 10.4706, 5.3192, 0.9682, L, 0.0967, 0.0859, 0.4263, 0.4399
-14.7309, 10.4882, 5.0811, 0.8134, -14.6482, 10.5029, 5.1256, 1.0275, R, 0.0967, 0.0858, 0.4258, 0.4395
-14.4766, 10.5276, 5.0924, 0.7624, -14.4333, 10.4492, 4.9861, 0.7636, L, 0.0966, 0.0858, 0.4254, 0.4391
-14.2218, 10.5645, 5.1029, 0.7129, -14.1624, 10.4790, 5.1009, 0.6955, R, 0.0965, 0.0858, 0.4249, 0.4386
-13.9665, 10.5989, 5.1126, 0.6649, -13.8340, 10.6555, 5.3271, 1.0566, L, 0.0966, 0.0857, 0.4246, 0.4385
-13.7107, 10.6310, 5.1216, 0.6185, -13.5681, 10.7213, 5.2684, 1.1399, R, 0.0967, 0.0857, 0.4242, 0.4387
-13.4545, 10.6608, 5.1298, 0.5736, -13.3433, 10.7044, 5.1475, 0.9538, L, 0.0968, 0.0857, 0.4238, 0.4386
-13.1979, 10.6884, 5.1374, 0.5303, -13.0663, 10.7383, 5.2914, 0.8364, R, 0.0968, 0.0856, 0.4234, 0.4384
-12.9409, 10.7138, 5.1444, 0.4886, -12.8162, 10.8299, 5.2860, 0.9470, L, 0.0969, 0.0857, 0.4230, 0.4384
-12.6836, 10.7373, 5.1507, 0.4485, -12.5359, 10.8901, 5.3523, 0.9610, R, 0.0970, 0.0859, 0.4227, 0.4386
-12.4260, 10.7587, 5.1565, 0.4100, -12.3331, 10.8314, 5.1535, 0.6930, L, 0.0970, 0.0859, 0.4222, 0.4383
-12.1681, 10.7783, 5.1618, 0.3732, -12.0693, 10.8690, 5.1663, 0.7043, R, 0.0970, 0.0859, 0.4218, 0.4381
-11.9100, 10.7961, 5.1666, 0.3380, -11.8302, 10.9305, 5.1379, 0.7577, L, 0.0970, 0.0860, 0.4213, 0.4381
-11.6516, 10.8121, 5.1709, 0.3045, -11.5379, 10.9594, 5.2758, 0.6878, R, 0.0970, 0.0862, 0.4209, 0.4380
-11.3930, 10.8265, 5.1748, 0.2728, -11.3297, 10.9584, 5.1326, 0.5882, L, 0.0970, 0.0863, 0.4205, 0.4377
-11.1342, 10.8394, 5.1784, 0.2427, -11.0505, 10.9066, 5.4643, 0.0766, R, 0.0970, 0.0862, 0.4203, 0.4373
-10.8753, 10.8509, 5.1815, 0.2143, -10.7540, 10.8687, 5.4942, -0.0088, L, 0.0970, 0.0862, 0.4201, 0.4370
-10.6161, 10.8609, 5.1844, 0.1877, -10.4907, 10.8702, 5.4460, 0.0162, R, 0.0971, 0.0861, 0.4198, 0.4366
-10.3569, 10.8697, 5.1869, 0.1628, -10.2736, 10.8499, 5.3089, -0.0503, L, 0.0971, 0.0860, 0.4194, 0.4363
-10.0976, 10.8772, 5.1891, 0.1396, -10.0219, 10.9014, 5.1239, 0.2718, R, 0.0970, 0.0859, 0.4190, 0.4359
-9.8381, 10.8837, 5.1911, 0.1182, -9.7645, 10.9561, 5.1491, 0.3631, L, 0.0970, 0.0859, 0.4186, 0.4356
-9.5785, 10.8891, 5.1928, 0.0986, -9.5409, 10.9275, 5.1039, 0.1746, R, 0.0969, 0.0858, 0.4182, 0.4352
-9.3189, 10.8936, 5.1943, 0.0807, -9.2810, 10.9588, 5.1272, 0.2255, L, 0.0968, 0.0858, 0.4177, 0.4348
-9.0592, 10.8972, 5.1956, 0.0646, -9.0381, 10.9328, 5.0984, 0.1089, R, 0.0967, 0.0857, 0.4173, 0.4343
-8.7994, 10.9001, 5.1967, 0.0502, -8.7705, 10.9702, 5.1456, 0.1821, L, 0.0966, 0.0857, 0.4169, 0.4339
-8.5395, 10.9023, 5.1976, 0.0377, -8.5374, 10.9196, 5.0946, -0.0093, R, 0.0965, 0.0856, 0.4165, 0.4335
-8.2797, 10.9039, 5.1984, 0.0269, -8.4134, 10.8207, 4.7293, -0.2625, L, 0.0966, 0.0856, 0.4166, 0.4332
-8.0197, 10.9050, 5.1990, 0.0180, -8.1611, 10.8292, 4.7641, -0.1892, R, 0.0967, 0.0856, 0.4167, 0.4329
-7.7598, 10.9057, 5.1994, 0.0108, -7.7796, 10.9042, 5.1525, 0.0387, L, 0.0966, 0.0855, 0.4163, 0.4325
-7.4998, 10.9061, 5.1997, 0.0054, -7.5113, 10.9031, 5.1493, 0.0779, R, 0.0965, 0.0854, 0.4158, 0.4320
-7.2398, 10.9063, 5.1999, 0.0018, -7.2325, 10.8959, 5.1953, 0.0614, L, 0.0964, 0.0853, 0.4154, 0.4316
