x_true, y_true, vx_true, vy_true, x_est, y_est, vx_est, vy_est, sensor, nis, RMSE_x, RMSE_y, RMSE_vx, RMSE_vy
0.6000, 0.6000, 5.1999, 0.0000, 0.3122, 0.5803, 0.0000, 0.0000, L, 0.0000, 0.2878, 0.0197, 5.1999, 0.0000
0.8600, 0.6000, 5.1997, 0.0018, 0.7350, 0.6291, 7.2118, -0.0000, R, 74.4774, 0.2218, 0.0248, 3.9426, 0.0013
1.1200, 0.6002, 5.1994, 0.0054, 1.1605, 0.4949, 7.1567, -0.9148, L, 0.2206, 0.1826, 0.0641, 3.4117, 0.5313
1.3800, 0.6006, 5.1990, 0.0108, 1.2579, 0.5331, 7.1460, 0.8783, R, 1.8255, 0.1695, 0.0650, 3.1108, 0.6323
1.6399, 0.6013, 5.1984, 0.0180, 1.6160, 0.5953, 7.1199, 1.1583, L, 0.1667, 0.1520, 0.0582, 2.9121, 0.7615
1.8998, 0.6025, 5.1977, 0.0269, 1.8512, 0.5623, 5.9941, 0.1606, R, 7.5231, 0.1402, 0.0556, 2.6782, 0.6973
2.1597, 0.6041, 5.1968, 0.0377, 2.1625, 0.5918, 5.9910, 0.2481, L, 0.2515, 0.1298, 0.0517, 2.4976, 0.6505
2.4195, 0.6063, 5.1957, 0.0502, 2.3782, 0.6382, 5.5674, 0.3343, R, 5.9870, 0.1223, 0.0496, 2.3400, 0.6167
2.6793, 0.6092, 5.1945, 0.0646, 2.6545, 0.6559, 5.5689, 0.2739, L, 0.0062, 0.1156, 0.0493, 2.2097, 0.5856
2.9390, 0.6128, 5.1931, 0.0807, 2.9209, 0.6499, 5.5086, 0.0173, R, 0.3295, 0.1098, 0.0482, 2.0987, 0.5559
3.1987, 0.6173, 5.1915, 0.0985, 3.1559, 0.6463, 5.4632, -0.0541, L, 1.1618, 0.1055, 0.0468, 2.0027, 0.5320
3.4583, 0.6227, 5.1896, 0.1182, 3.4419, 0.5423, 5.4315, -0.8735, R, 1.3224, 0.1011, 0.0505, 1.9187, 0.5843
3.7177, 0.6291, 5.1875, 0.1396, 3.7452, 0.4294, 5.3570, -1.5459, L, 2.1587, 0.0974, 0.0736, 1.8440, 0.7305
3.9771, 0.6367, 5.1852, 0.1627, 4.0255, 0.5145, 5.4852, -0.7826, R, 4.0933, 0.0948, 0.0781, 1.7788, 0.7479
4.2363, 0.6454, 5.1826, 0.1876, 4.2990, 0.5071, 5.4701, -0.7388, L, 0.3456, 0.0930, 0.0835, 1.7200, 0.7611
4.4954, 0.6555, 5.1796, 0.2142, 4.5582, 0.5463, 5.3910, -0.4847, R, 1.8921, 0.0914, 0.0853, 1.6663, 0.7574
4.7544, 0.6669, 5.1763, 0.2426, 4.7438, 0.6564, 5.2245, 0.0791, L, 12.3726, 0.0887, 0.0828, 1.6166, 0.7358
5.0132, 0.6798, 5.1727, 0.2726, 4.9950, 0.6560, 5.1400, 0.0390, R, 1.4784, 0.0863, 0.0807, 1.5710, 0.7172
5.2717, 0.6942, 5.1687, 0.3044, 5.2946, 0.6508, 5.2040, -0.0124, L, 2.6731, 0.0842, 0.0792, 1.5292, 0.7019
5.5301, 0.7103, 5.1642, 0.3379, 5.5537, 0.6574, 5.2601, 0.0109, R, 1.8476, 0.0822, 0.0781, 1.4906, 0.6880
5.7883, 0.7281, 5.1593, 0.3730, 5.8479, 0.6724, 5.3033, 0.0463, L, 1.6781, 0.0813, 0.0771, 1.4550, 0.6752
6.0462, 0.7476, 5.1539, 0.4098, 6.0895, 0.5986, 5.2005, -0.2435, R, 3.4984, 0.0799, 0.0818, 1.4216, 0.6742
6.3038, 0.7691, 5.1480, 0.4482, 6.3431, 0.7130, 5.1775, 0.1621, L, 3.8079, 0.0786, 0.0808, 1.3904, 0.6621
6.5611, 0.7925, 5.1416, 0.4883, 6.5929, 0.7451, 5.1301, 0.2398, R, 0.4335, 0.0772, 0.0797, 1.3611, 0.6501
6.8181, 0.8180, 5.1345, 0.5300, 6.8390, 0.7432, 5.1183, 0.2033, L, 0.2242, 0.0758, 0.0795, 1.3336, 0.6403
7.0747, 0.8456, 5.1268, 0.5733, 7.0806, 0.7263, 5.0103, 0.1145, R, 2.4490, 0.0743, 0.0814, 1.3079, 0.6343
7.3309, 0.8754, 5.1185, 0.6181, 7.2974, 0.8120, 4.9476, 0.3533, L, 2.8281, 0.0732, 0.0808, 1.2839, 0.6245
7.5867, 0.9074, 5.1095, 0.6645, 7.5925, 0.8230, 5.1190, 0.3551, R, 4.9416, 0.0719, 0.0810, 1.2607, 0.6161
7.8420, 0.9419, 5.0997, 0.7125, 7.8432, 0.8001, 5.1175, 0.2471, L, 0.5098, 0.0707, 0.0838, 1.2388, 0.6115
8.0968, 0.9788, 5.0891, 0.7619, 8.0918, 0.8176, 5.0340, 0.2588, R, 2.2093, 0.0695, 0.0875, 1.2180, 0.6082
8.3511, 1.0181, 5.0777, 0.8128, 8.3281, 0.8355, 5.0110, 0.2797, L, 0.3402, 0.0685, 0.0921, 1.1983, 0.6059
8.6047, 1.0601, 5.0654, 0.8652, 8.5989, 0.9290, 5.1401, 0.5317, R, 6.9796, 0.0674, 0.0936, 1.1795, 0.5993
8.8578, 1.1047, 5.0522, 0.9190, 8.8367, 0.9902, 5.1001, 0.6563, L, 0.6784, 0.0665, 0.0943, 1.1615, 0.5919
9.1101, 1.1521, 5.0380, 0.9742, 9.1272, 1.0309, 5.1650, 0.7084, R, 6.7978, 0.0656, 0.0952, 1.1445, 0.5849
9.3617, 1.2022, 5.0228, 1.0308, 9.3652, 1.0635, 5.1318, 0.7323, L, 0.6385, 0.0646, 0.0967, 1.1282, 0.5787
9.6125, 1.2552, 5.0066, 1.0887, 9.6448, 1.1420, 5.1750, 0.8858, R, 4.3677, 0.0639, 0.0972, 1.1128, 0.5716
9.8625, 1.3112, 4.9892, 1.1479, 9.9191, 1.2765, 5.1567, 1.1852, L, 2.7857, 0.0637, 0.0960, 1.0980, 0.5639
10.1117, 1.3701, 4.9707, 1.2084, 10.1643, 1.3781, 5.0149, 1.3554, R, 4.5591, 0.0635, 0.0948, 1.0834, 0.5569
10.3598, 1.4321, 4.9511, 1.2701, 10.3878, 1.4564, 4.9516, 1.4493, L, 1.0158, 0.0628, 0.0936, 1.0695, 0.5505
10.6069, 1.4972, 4.9301, 1.3330, 10.6159, 1.5517, 4.7858, 1.5703, R, 3.4110, 0.0620, 0.0929, 1.0563, 0.5448
10.8530, 1.5655, 4.9079, 1.3970, 10.8405, 1.5712, 4.7681, 1.4814, L, 1.5404, 0.0613, 0.0917, 1.0435, 0.5383
11.0979, 1.6370, 4.8844, 1.4621, 11.1078, 1.6236, 4.8460, 1.4815, R, 2.3111, 0.0606, 0.0906, 1.0310, 0.5319
11.3416, 1.7118, 4.8595, 1.5283, 11.3896, 1.6601, 4.9046, 1.4246, L, 2.2573, 0.0603, 0.0899, 1.0190, 0.5259
11.5840, 1.7899, 4.8331, 1.5955, 11.6198, 1.7183, 4.8395, 1.4340, R, 0.7851, 0.0599, 0.0896, 1.0074, 0.5204
11.8251, 1.8714, 4.8053, 1.6637, 11.8494, 1.7775, 4.8119, 1.4466, L, 0.3207, 0.0593, 0.0897, 0.9961, 0.5156
12.0647, 1.9564, 4.7760, 1.7327, 12.1061, 1.8723, 4.8797, 1.5553, R, 1.4547, 0.0590, 0.0895, 0.9853, 0.5107
12.3029, 2.0448, 4.7451, 1.8027, 12.3514, 1.8900, 4.8883, 1.4322, L, 0.8272, 0.0588, 0.0914, 0.9750, 0.5081
12.5394, 2.1368, 4.7126, 1.8734, 12.6090, 1.9498, 4.9592, 1.4351, R, 0.9205, 0.0590, 0.0944, 0.9655, 0.5067
12.7743, 2.2323, 4.6784, 1.9448, 12.8077, 2.0905, 4.8498, 1.6683, L, 3.0965, 0.0586, 0.0956, 0.9559, 0.5031
13.0075, 2.3314, 4.6426, 2.0170, 13.0759, 2.2031, 4.9431, 1.7956, R, 3.1277, 0.0588, 0.0964, 0.9472, 0.4990
13.2388, 2.4341, 4.6050, 2.0898, 13.2792, 2.3472, 4.8304, 2.0006, L, 2.2993, 0.0585, 0.0962, 0.9384, 0.4943
13.4682, 2.5405, 4.5656, 2.1632, 13.4525, 2.5065, 4.5557, 2.2175, R, 10.5505, 0.0580, 0.0954, 0.9294, 0.4896
13.6955, 2.6505, 4.5245, 2.2370, 13.7041, 2.6136, 4.5630, 2.2737, L, 0.9246, 0.0575, 0.0946, 0.9206, 0.4849
13.9208, 2.7643, 4.4815, 2.3113, 13.9223, 2.7314, 4.4969, 2.3526, R, 0.1412, 0.0569, 0.0938, 0.9120, 0.4805
14.1439, 2.8818, 4.4366, 2.3860, 14.1515, 2.8814, 4.4489, 2.5046, L, 0.4168, 0.0564, 0.0930, 0.9037, 0.4763
14.3646, 3.0030, 4.3897, 2.4610, 14.4037, 2.9918, 4.5482, 2.5334, R, 1.5815, 0.0562, 0.0921, 0.8958, 0.4722
14.5830, 3.1280, 4.3410, 2.5362, 14.6132, 3.0502, 4.5210, 2.4202, L, 2.4809, 0.0558, 0.0919, 0.8882, 0.4683
14.7989, 3.2568, 4.2902, 2.6116, 14.8441, 3.2108, 4.5319, 2.5843, R, 3.5321, 0.0556, 0.0913, 0.8811, 0.4642
15.0122, 3.3893, 4.2374, 2.6870, 15.0523, 3.4055, 4.4284, 2.8193, L, 0.7937, 0.0554, 0.0906, 0.8740, 0.4606
15.2228, 3.5256, 4.1826, 2.7625, 15.2600, 3.5811, 4.2884, 2.9762, R, 2.4330, 0.0552, 0.0901, 0.8668, 0.4576
15.4306, 3.6657, 4.1257, 2.8379, 15.4751, 3.7647, 4.2141, 3.1376, L, 0.3911, 0.0550, 0.0902, 0.8597, 0.4554
15.6355, 3.8096, 4.0668, 2.9131, 15.6859, 3.9006, 4.1705, 3.1582, R, 1.1224, 0.0549, 0.0903, 0.8529, 0.4528
15.8375, 3.9572, 4.0057, 2.9882, 15.9109, 4.0329, 4.1621, 3.1604, L, 0.3361, 0.0553, 0.0900, 0.8463, 0.4497
16.0363, 4.1085, 3.9425, 3.0629, 16.1036, 4.1993, 4.0025, 3.2452, R, 1.6717, 0.0555, 0.0901, 0.8397, 0.4468
16.2319, 4.2636, 3.8772, 3.1372, 16.3012, 4.3909, 3.9208, 3.3885, L, 0.2361, 0.0557, 0.0907, 0.8332, 0.4444
16.4242, 4.4224, 3.8097, 3.2111, 16.5119, 4.5561, 3.9056, 3.4472, R, 0.7000, 0.0563, 0.0915, 0.8270, 0.4420
16.6130, 4.5849, 3.7400, 3.2844, 16.6910, 4.7169, 3.8245, 3.4916, L, 0.5001, 0.0567, 0.0923, 0.8208, 0.4394
16.7983, 4.7510, 3.6682, 3.3570, 16.8393, 4.9131, 3.5313, 3.6045, R, 3.8799, 0.0565, 0.0937, 0.8150, 0.4372
16.9799, 4.9208, 3.5942, 3.4290, 17.0016, 5.1373, 3.3955, 3.7848, L, 0.3845, 0.0562, 0.0966, 0.8094, 0.4361
17.1579, 5.0941, 3.5180, 3.5001, 17.1719, 5.3058, 3.3133, 3.8111, R, 1.6853, 0.0558, 0.0992, 0.8039, 0.4346
17.3319, 5.2709, 3.4396, 3.5703, 17.3311, 5.4798, 3.2292, 3.8472, L, 0.2074, 0.0554, 0.1015, 0.7987, 0.4328
17.5019, 5.4513, 3.3591, 3.6395, 17.4878, 5.6454, 3.1285, 3.8536, R, 3.0630, 0.0550, 0.1034, 0.7936, 0.4305
17.6679, 5.6351, 3.2764, 3.7076, 17.6839, 5.7560, 3.1683, 3.7245, L, 1.9015, 0.0547, 0.1037, 0.7882, 0.4275
17.8297, 5.8222, 3.1915, 3.7746, 17.8274, 5.9499, 3.0135, 3.7954, R, 0.7346, 0.0543, 0.1040, 0.7831, 0.4247
17.9872, 6.0127, 3.1045, 3.8403, 18.0012, 6.1392, 2.9790, 3.8486, L, 0.8776, 0.0540, 0.1044, 0.7780, 0.4218
18.1402, 6.2064, 3.0154, 3.9046, 18.1522, 6.3459, 2.9106, 3.9400, R, 0.7743, 0.0537, 0.1049, 0.7730, 0.4191
18.2888, 6.4033, 2.9242, 3.9675, 18.2712, 6.5893, 2.7511, 4.1060, L, 0.5668, 0.0533, 0.1063, 0.7682, 0.4166
18.4328, 6.6033, 2.8309, 4.0289, 18.4032, 6.8033, 2.6361, 4.1826, R, 0.2101, 0.0531, 0.1081, 0.7636, 0.4143
18.5720, 6.8064, 2.7356, 4.0887, 18.5542, 6.9297, 2.6388, 4.0539, L, 1.9051, 0.0528, 0.1083, 0.7588, 0.4117
18.7064, 7.0124, 2.6383, 4.1467, 18.7065, 7.1337, 2.6524, 4.1110, R, 0.7818, 0.0525, 0.1084, 0.7541, 0.4091
18.8359, 7.2212, 2.5389, 4.2030, 18.9086, 7.2642, 2.7538, 3.9695, L, 3.7819, 0.0528, 0.1079, 0.7498, 0.4074
18.9604, 7.4328, 2.4377, 4.2574, 18.9963, 7.4621, 2.5171, 4.0027, R, 3.8726, 0.0526, 0.1073, 0.7452, 0.4059
19.0798, 7.6471, 2.3345, 4.3098, 19.0821, 7.7386, 2.3222, 4.2182, L, 1.5119, 0.0523, 0.1071, 0.7407, 0.4036
19.1939, 7.8640, 2.2295, 4.3602, 19.2056, 7.9420, 2.2790, 4.2496, R, 0.2955, 0.0520, 0.1068, 0.7363, 0.4014
19.3028, 8.0833, 2.1227, 4.4084, 19.2827, 8.1622, 2.1224, 4.3168, L, 1.2783, 0.0517, 0.1065, 0.7320, 0.3991
19.4062, 8.3050, 2.0141, 4.4544, 19.3841, 8.3700, 2.0760, 4.3520, R, 2.2166, 0.0515, 0.1061, 0.7277, 0.3969
19.5042, 8.5289, 1.9038, 4.4982, 19.4814, 8.5118, 2.0306, 4.2358, L, 3.3779, 0.0512, 0.1055, 0.7237, 0.3956
19.5966, 8.7549, 1.7919, 4.5396, 19.5740, 8.7163, 1.9186, 4.2505, R, 0.4925, 0.0510, 0.1050, 0.7197, 0.3946
19.6835, 8.9830, 1.6784, 4.5785, 19.7383, 8.8889, 1.9957, 4.1853, L, 3.9686, 0.0510, 0.1049, 0.7164, 0.3946
19.7645, 9.2129, 1.5634, 4.6149, 19.8122, 9.1073, 1.8226, 4.2249, R, 1.0398, 0.0510, 0.1049, 0.7130, 0.3945
19.8398, 9.4446, 1.4470, 4.6487, 19.9409, 9.3402, 1.8087, 4.2903, L, 3.2109, 0.0518, 0.1049, 0.7100, 0.3942
19.9093, 9.6779, 1.3292, 4.6798, 19.9853, 9.5603, 1.5564, 4.3150, R, 2.4843, 0.0521, 0.1050, 0.7066, 0.3938
19.9728, 9.9128, 1.2100, 4.7083, 20.0689, 9.8082, 1.4591, 4.4078, L, 0.9719, 0.0528, 0.1050, 0.7032, 0.3930
20.0303, 10.1489, 1.0897, 4.7339, 20.1303, 10.0592, 1.3645, 4.5113, R, 7.3499, 0.0535, 0.1049, 0.7001, 0.3915
20.0818, 10.3863, 0.9683, 4.7567, 20.1735, 10.3423, 1.1816, 4.6532, L, 1.0413, 0.0541, 0.1044, 0.6967, 0.3896
20.1271, 10.6247, 0.8457, 4.7765, 20.1867, 10.5813, 0.9149, 4.6751, R, 2.6135, 0.0541, 0.1040, 0.6931, 0.3877
20.1663, 10.8640, 0.7223, 4.7934, 20.2420, 10.8597, 0.7870, 4.7796, L, 2.1285, 0.0544, 0.1034, 0.6896, 0.3857
20.1993, 11.1041, 0.5979, 4.8073, 20.2705, 11.1206, 0.6628, 4.8501, R, 4.9034, 0.0546, 0.1029, 0.6861, 0.3838
20.2261, 11.3449, 0.4727, 4.8181, 20.3049, 11.3576, 0.5514, 4.8549, L, 0.0144, 0.0549, 0.1024, 0.6826, 0.3818
20.2466, 11.5861, 0.3469, 4.8257, 20.2448, 11.6114, 0.1084, 4.8365, R, 9.5858, 0.0546, 0.1019, 0.6796, 0.3799
20.2608, 11.8275, 0.2204, 4.8303, 20.3181, 11.8464, 0.1082, 4.8284, L, 5.2217, 0.0547, 0.1014, 0.6763, 0.3780
20.2687, 12.0692, 0.0935, 4.8316, 20.3484, 12.0802, 0.1507, 4.8585, R, 4.1913, 0.0550, 0.1009, 0.6730, 0.3762
20.2701, 12.3108, -0.0339, 4.8297, 20.3324, 12.3723, -0.0427, 4.9508, L, 0.9677, 0.0550, 0.1006, 0.6698, 0.3746
20.2652, 12.5522, -0.1615, 4.8245, 20.2795, 12.6125, -0.3652, 4.8931, R, 2.7353, 0.0548, 0.1003, 0.6668, 0.3728
20.2540, 12.7933, -0.2894, 4.8161, 20.3071, 12.8462, -0.4045, 4.8641, L, 2.1165, 0.0548, 0.1000, 0.6638, 0.3711
20.2363, 13.0339, -0.4173, 4.8043, 20.2965, 13.0763, -0.5139, 4.8276, R, 2.1320, 0.0548, 0.0996, 0.6607, 0.3693
20.2122, 13.2738, -0.5453, 4.7892, 20.2631, 13.2839, -0.6437, 4.7522, L, 0.9807, 0.0548, 0.0991, 0.6577, 0.3676
20.1818, 13.5129, -0.6731, 4.7707, 20.2259, 13.5190, -0.7482, 4.7447, R, 1.3433, 0.0547, 0.0987, 0.6546, 0.3659
20.1449, 13.7509, -0.8008, 4.7489, 20.2051, 13.7790, -0.8496, 4.7648, L, 1.4010, 0.0548, 0.0983, 0.6516, 0.3642
20.1017, 13.9878, -0.9280, 4.7237, 20.1499, 14.0053, -1.0211, 4.7057, R, 0.7708, 0.0547, 0.0978, 0.6487, 0.3626
20.0521, 14.2233, -1.0549, 4.6952, 20.0934, 14.2624, -1.1691, 4.7146, L, 0.3567, 0.0546, 0.0974, 0.6459, 0.3609
19.9962, 14.4573, -1.1812, 4.6633, 20.0217, 14.4918, -1.3082, 4.6758, R, 1.3494, 0.0544, 0.0971, 0.6431, 0.3593
19.9340, 14.6897, -1.3069, 4.6280, 19.9103, 14.7502, -1.5391, 4.6758, L, 1.0374, 0.0542, 0.0968, 0.6406, 0.3578
19.8655, 14.9202, -1.4318, 4.5894, 19.8457, 14.9674, -1.5819, 4.6341, R, 3.4350, 0.0540, 0.0965, 0.6380, 0.3562
19.7908, 15.1486, -1.5558, 4.5475, 19.8210, 15.1796, -1.5830, 4.5645, L, 2.2954, 0.0538, 0.0961, 0.6352, 0.3547
19.7099, 15.3749, -1.6789, 4.5023, 19.6873, 15.3865, -1.9681, 4.3647, R, 7.5094, 0.0536, 0.0957, 0.6330, 0.3534
19.6229, 15.5989, -1.8008, 4.4537, 19.6639, 15.5653, -1.9411, 4.2468, L, 3.6558, 0.0535, 0.0953, 0.6305, 0.3524
19.5298, 15.8203, -1.9216, 4.4019, 19.5751, 15.7668, -2.0251, 4.1842, R, 1.3723, 0.0535, 0.0951, 0.6279, 0.3514
19.4307, 16.0390, -2.0411, 4.3469, 19.4689, 15.9824, -2.1598, 4.1339, L, 0.0446, 0.0534, 0.0948, 0.6253, 0.3505
19.3257, 16.2549, -2.1592, 4.2887, 19.3712, 16.1891, -2.1951, 4.1152, R, 1.9084, 0.0533, 0.0946, 0.6227, 0.3494
19.2148, 16.4679, -2.2759, 4.2273, 19.2630, 16.3656, -2.2908, 4.0047, L, 0.5277, 0.0533, 0.0947, 0.6201, 0.3485
19.0981, 16.6777, -2.3909, 4.1628, 19.1478, 16.5594, -2.4027, 3.9268, R, 0.2482, 0.0532, 0.0949, 0.6176, 0.3478
18.9757, 16.8841, -2.5042, 4.0953, 19.0135, 16.7756, -2.5424, 3.8935, L, 0.2484, 0.0531, 0.0950, 0.6151, 0.3468
18.8477, 17.0872, -2.6157, 4.0248, 18.8553, 16.9669, -2.8158, 3.7226, R, 6.3535, 0.0529, 0.0952, 0.6129, 0.3465
18.7142, 17.2866, -2.7253, 3.9513, 18.6717, 17.2122, -3.0405, 3.7225, L, 2.0130, 0.0529, 0.0951, 0.6110, 0.3457
18.5752, 17.4822, -2.8330, 3.8749, 18.5749, 17.4166, -2.8983, 3.7913, R, 6.1807, 0.0526, 0.0949, 0.6086, 0.3444
18.4309, 17.6740, -2.9386, 3.7957, 18.3557, 17.6158, -3.1377, 3.7199, L, 3.8063, 0.0529, 0.0946, 0.6065, 0.3431
18.2814, 17.8617, -3.0420, 3.7137, 18.2188, 17.8090, -3.1200, 3.7215, R, 1.9568, 0.0529, 0.0944, 0.6042, 0.3418
18.1268, 18.0453, -3.1432, 3.6291, 18.0917, 17.9946, -3.1471, 3.6561, L, 0.8992, 0.0528, 0.0941, 0.6018, 0.3405
17.9671, 18.2246, -3.2420, 3.5418, 17.9153, 18.1461, -3.3110, 3.4721, R, 2.3416, 0.0528, 0.0940, 0.5995, 0.3392
17.8026, 18.3994, -3.3385, 3.4520, 17.7915, 18.2836, -3.3076, 3.3330, L, 1.0432, 0.0526, 0.0942, 0.5972, 0.3381
17.6334, 18.5697, -3.4325, 3.3597, 17.6606, 18.4622, -3.3094, 3.2961, R, 6.4722, 0.0525, 0.0943, 0.5951, 0.3368
17.4595, 18.7353, -3.5239, 3.2651, 17.4615, 18.6506, -3.4541, 3.2565, L, 0.5597, 0.0523, 0.0942, 0.5929, 0.3356
17.2810, 18.8962, -3.6127, 3.1682, 17.2817, 18.7890, -3.5642, 3.1007, R, 1.8775, 0.0521, 0.0943, 0.5907, 0.3344
17.0983, 19.0521, -3.6988, 3.0690, 17.1236, 18.9238, -3.5974, 2.9796, L, 0.2666, 0.0519, 0.0946, 0.5885, 0.3332
16.9113, 19.2030, -3.7822, 2.9678, 16.9563, 19.0943, -3.6394, 2.9468, R, 2.9632, 0.0519, 0.0948, 0.5865, 0.3320
16.7201, 19.3488, -3.8628, 2.8646, 16.7377, 19.2119, -3.7677, 2.7989, L, 2.7860, 0.0517, 0.0951, 0.5844, 0.3308
16.5251, 19.4894, -3.9405, 2.7594, 16.5458, 19.3661, -3.8620, 2.7150, R, 3.2671, 0.0516, 0.0954, 0.5823, 0.3296
16.3262, 19.6246, -4.0153, 2.6524, 16.3140, 19.5335, -4.0099, 2.6683, L, 0.8553, 0.0514, 0.0953, 0.5802, 0.3285
16.1237, 19.7545, -4.0872, 2.5436, 16.0918, 19.6144, -4.1308, 2.4242, R, 10.1133, 0.0513, 0.0957, 0.5782, 0.3274
15.9176, 19.8789, -4.1560, 2.4333, 15.8840, 19.7597, -4.2074, 2.3551, L, 0.7499, 0.0512, 0.0959, 0.5761, 0.3263
15.7082, 19.9978, -4.2218, 2.3214, 15.6978, 19.8843, -4.1639, 2.3398, R, 3.1982, 0.0510, 0.0960, 0.5741, 0.3252
15.4956, 20.1110, -4.2846, 2.2081, 15.4616, 20.0426, -4.2804, 2.3159, L, 1.2291, 0.0509, 0.0959, 0.5721, 0.3242
15.2799, 20.2185, -4.3443, 2.0935, 15.2452, 20.1880, -4.3345, 2.2898, R, 5.5202, 0.0508, 0.0956, 0.5701, 0.3235
15.0613, 20.3203, -4.4008, 1.9776, 15.0614, 20.3176, -4.3281, 2.2298, L, 1.8309, 0.0506, 0.0953, 0.5682, 0.3230
14.8400, 20.4162, -4.4542, 1.8607, 14.8297, 20.3991, -4.4171, 2.0455, R, 2.2657, 0.0505, 0.0949, 0.5662, 0.3223
14.6161, 20.5063, -4.5044, 1.7427, 14.6151, 20.5180, -4.4572, 1.9771, L, 0.5783, 0.0503, 0.0946, 0.5643, 0.3218
14.3897, 20.5904, -4.5515, 1.6239, 14.3752, 20.6061, -4.5598, 1.8059, R, 1.2781, 0.0501, 0.0943, 0.5624, 0.3210
14.1611, 20.6686, -4.5954, 1.5042, 14.1291, 20.6787, -4.6308, 1.6568, L, 0.7102, 0.0500, 0.0940, 0.5605, 0.3202
13.9304, 20.7408, -4.6361, 1.3839, 13.8902, 20.7511, -4.7025, 1.4856, R, 0.2930, 0.0500, 0.0937, 0.5587, 0.3192
13.6977, 20.8070, -4.6736, 1.2629, 13.6128, 20.8147, -4.8129, 1.3323, L, 1.5743, 0.0503, 0.0934, 0.5569, 0.3182
13.4632, 20.8671, -4.7079, 1.1415, 13.3637, 20.8458, -4.8920, 1.0538, R, 2.0118, 0.0508, 0.0931, 0.5553, 0.3173
13.2271, 20.9211, -4.7390, 1.0197, 13.1200, 20.8820, -4.9143, 0.8753, L, 0.1590, 0.0513, 0.0928, 0.5537, 0.3164
12.9895, 20.9690, -4.7670, 0.8977, 12.8889, 20.9421, -4.9092, 0.7851, R, 1.9121, 0.0518, 0.0926, 0.5520, 0.3155
12.7506, 21.0108, -4.7919, 0.7755, 12.6980, 20.9787, -4.8344, 0.6461, L, 2.0777, 0.0518, 0.0923, 0.5502, 0.3147
12.5106, 21.0465, -4.8136, 0.6532, 12.4436, 21.0216, -4.8800, 0.5262, R, 2.5412, 0.0519, 0.0920, 0.5485, 0.3138
12.2695, 21.0761, -4.8322, 0.5309, 12.1967, 21.0573, -4.9042, 0.4052, L, 0.1565, 0.0521, 0.0917, 0.5468, 0.3130
12.0276, 21.0996, -4.8477, 0.4088, 11.9597, 21.0771, -4.9063, 0.2548, R, 0.9143, 0.0522, 0.0915, 0.5450, 0.3122
11.7850, 21.1170, -4.8602, 0.2869, 11.7209, 21.0436, -4.8795, 0.0245, L, 1.8124, 0.0523, 0.0914, 0.5433, 0.3120
11.5418, 21.1283, -4.8697, 0.1653, 11.4758, 21.0300, -4.8710, -0.1413, R, 1.0506, 0.0524, 0.0914, 0.5416, 0.3119
11.2982, 21.1335, -4.8762, 0.0441, 11.2646, 21.0202, -4.8076, -0.2880, L, 0.6765, 0.0523, 0.0916, 0.5400, 0.3121
11.0544, 21.1327, -4.8798, -0.0766, 11.0118, 20.9815, -4.8061, -0.4739, R, 4.0819, 0.0522, 0.0920, 0.5383, 0.3127
10.8105, 21.1259, -4.8805, -0.1966, 10.8066, 20.9405, -4.7189, -0.6492, L, 0.4556, 0.0521, 0.0929, 0.5368, 0.3137
10.5666, 21.1131, -4.8784, -0.3160, 10.5588, 20.9415, -4.6965, -0.6288, R, 5.7599, 0.0519, 0.0936, 0.5354, 0.3137
10.3229, 21.0943, -4.8735, -0.4347, 10.2653, 20.9772, -4.8198, -0.6158, L, 3.5696, 0.0520, 0.0937, 0.5338, 0.3131
10.0795, 21.0697, -4.8658, -0.5525, 10.0264, 20.9586, -4.8056, -0.7041, R, 1.0022, 0.0520, 0.0939, 0.5322, 0.3123
9.8366, 21.0391, -4.8555, -0.6693, 9.8418, 20.9175, -4.6839, -0.8353, L, 1.6021, 0.0518, 0.0941, 0.5308, 0.3117
9.5942, 21.0028, -4.8426, -0.7852, 9.6083, 20.9096, -4.6460, -0.7927, R, 1.8552, 0.0517, 0.0940, 0.5294, 0.3107
9.3526, 20.9607, -4.8271, -0.9000, 9.4225, 20.8579, -4.5382, -0.9186, L, 0.8500, 0.0518, 0.0941, 0.5283, 0.3098
9.1118, 20.9128, -4.8092, -1.0136, 9.2057, 20.8132, -4.5078, -1.0365, R, 1.4904, 0.0521, 0.0941, 0.5272, 0.3089
8.8719, 20.8594, -4.7888, -1.1260, 8.8966, 20.7906, -4.6561, -1.0690, L, 2.4754, 0.0520, 0.0940, 0.5258, 0.3080
8.6331, 20.8003, -4.7661, -1.2372, 8.6868, 20.7077, -4.5831, -1.2527, R, 4.5247, 0.0520, 0.0940, 0.5244, 0.3071
8.3956, 20.7358, -4.7411, -1.3470, 8.4005, 20.6283, -4.6560, -1.3811, L, 2.8825, 0.0519, 0.0941, 0.5230, 0.3063
8.1593, 20.6657, -4.7139, -1.4554, 8.1711, 20.5473, -4.6191, -1.5330, R, 0.1540, 0.0517, 0.0942, 0.5215, 0.3054
7.9244, 20.5903, -4.6845, -1.5624, 7.9261, 20.4685, -4.6104, -1.6414, L, 0.1138, 0.0516, 0.0944, 0.5201, 0.3046
7.6911, 20.5096, -4.6531, -1.6678, 7.7105, 20.3810, -4.5541, -1.8193, R, 3.5177, 0.0515, 0.0946, 0.5186, 0.3040
7.4594, 20.4237, -4.6198, -1.7717, 7.3858, 20.3273, -4.7228, -1.8431, L, 3.0759, 0.0516, 0.0947, 0.5172, 0.3032
7.2294, 20.3326, -4.5845, -1.8740, 7.1489, 20.2324, -4.6798, -1.9380, R, 0.2142, 0.0518, 0.0947, 0.5158, 0.3023
7.0012, 20.2364, -4.5474, -1.9746, 6.8820, 20.1496, -4.7116, -2.0060, L, 0.3834, 0.0524, 0.0946, 0.5145, 0.3015
6.7749, 20.1352, -4.5085, -2.0736, 6.6525, 20.0595, -4.6606, -2.0650, R, 0.4950, 0.0531, 0.0946, 0.5132, 0.3007
6.5506, 20.0292, -4.4680, -2.1708, 6.4072, 19.9672, -4.6500, -2.1361, L, 0.1483, 0.0540, 0.0944, 0.5120, 0.2999
6.3283, 19.9183, -4.4260, -2.2663, 6.1883, 19.8740, -4.5890, -2.2116, R, 2.9192, 0.0548, 0.0942, 0.5107, 0.2991
6.1082, 19.8027, -4.3824, -2.3599, 5.9250, 19.7801, -4.6237, -2.2634, L, 0.4356, 0.0563, 0.0940, 0.5096, 0.2983
5.8903, 19.6824, -4.3374, -2.4518, 5.6900, 19.6339, -4.5759, -2.4885, R, 1.8610, 0.0581, 0.0938, 0.5085, 0.2975
5.6747, 19.5577, -4.2911, -2.5418, 5.5307, 19.5060, -4.3773, -2.6033, L, 1.8347, 0.0589, 0.0936, 0.5072, 0.2968
5.4615, 19.4284, -4.2436, -2.6299, 5.3302, 19.3565, -4.2704, -2.7505, R, 1.8074, 0.0595, 0.0935, 0.5058, 0.2961
5.2506, 19.2948, -4.1949, -2.7162, 5.1222, 19.2533, -4.2159, -2.7885, L, 1.9566, 0.0601, 0.0933, 0.5045, 0.2953
5.0422, 19.1570, -4.1451, -2.8006, 4.9357, 19.1420, -4.1128, -2.7736, R, 4.7392, 0.0604, 0.0930, 0.5031, 0.2946
4.8363, 19.0150, -4.0943, -2.8830, 4.7844, 18.9892, -3.9324, -2.8924, L, 0.7665, 0.0604, 0.0928, 0.5020, 0.2938
4.6330, 18.8689, -4.0426, -2.9636, 4.5743, 18.8386, -3.8982, -3.0293, R, 1.4916, 0.0604, 0.0926, 0.5007, 0.2930
4.4322, 18.7188, -3.9901, -3.0422, 4.4018, 18.7063, -3.7930, -3.0877, L, 1.1024, 0.0603, 0.0924, 0.4996, 0.2923
4.2342, 18.5648, -3.9369, -3.1189, 4.2257, 18.5641, -3.6965, -3.0972, R, 1.2889, 0.0601, 0.0921, 0.4986, 0.2915
4.0388, 18.4071, -3.8829, -3.1936, 4.1115, 18.4086, -3.4766, -3.1867, L, 1.7136, 0.0602, 0.0919, 0.4982, 0.2908
3.8461, 18.2457, -3.8284, -3.2664, 3.9264, 18.2341, -3.4303, -3.4274, R, 7.1198, 0.0603, 0.0917, 0.4977, 0.2903
3.6561, 18.0807, -3.7734, -3.3373, 3.6522, 18.0942, -3.5949, -3.4421, L, 2.9013, 0.0602, 0.0914, 0.4966, 0.2896
3.4689, 17.9122, -3.7179, -3.4063, 3.4936, 17.9452, -3.4829, -3.4072, R, 3.4652, 0.0600, 0.0912, 0.4956, 0.2889
3.2845, 17.7402, -3.6622, -3.4733, 3.2562, 17.7791, -3.5601, -3.4557, L, 1.1736, 0.0599, 0.0910, 0.4944, 0.2881
3.1029, 17.5650, -3.6061, -3.5384, 3.0744, 17.5940, -3.4939, -3.6246, R, 2.2934, 0.0598, 0.0908, 0.4932, 0.2875
2.9241, 17.3866, -3.5498, -3.6017, 2.8975, 17.4768, -3.4604, -3.5845, L, 6.1696, 0.0597, 0.0908, 0.4920, 0.2868
2.7480, 17.2051, -3.4934, -3.6630, 2.7574, 17.2581, -3.2848, -3.8280, R, 2.8540, 0.0595, 0.0907, 0.4910, 0.2863
2.5749, 17.0205, -3.4370, -3.7225, 2.5803, 17.0704, -3.2301, -3.8955, L, 0.0616, 0.0594, 0.0905, 0.4900, 0.2858
2.4045, 16.8330, -3.3806, -3.7801, 2.4169, 16.9070, -3.1668, -3.8011, R, 2.3000, 0.0592, 0.0904, 0.4890, 0.2851
2.2369, 16.6427, -3.3243, -3.8360, 2.2533, 16.7354, -3.1145, -3.8319, L, 0.5117, 0.0591, 0.0904, 0.4881, 0.2844
2.0722, 16.4497, -3.2681, -3.8900, 2.0749, 16.5406, -3.0963, -3.8307, R, 4.8452, 0.0590, 0.0905, 0.4870, 0.2838
1.9103, 16.2540, -3.2122, -3.9422, 1.9201, 16.3100, -3.0106, -3.9506, L, 2.2521, 0.0588, 0.0903, 0.4860, 0.2831
1.7511, 16.0557, -3.1566, -3.9926, 1.7631, 16.1352, -2.9707, -3.9068, R, 0.8354, 0.0587, 0.0903, 0.4850, 0.2824
1.5947, 15.8549, -3.1013, -4.0413, 1.5515, 15.9688, -3.0727, -3.8913, L, 1.5380, 0.0586, 0.0904, 0.4838, 0.2819
1.4411, 15.6517, -3.0464, -4.0883, 1.4261, 15.7347, -2.9173, -4.1090, R, 2.2958, 0.0585, 0.0904, 0.4828, 0.2813
1.2902, 15.4463, -2.9921, -4.1336, 1.2507, 15.5156, -2.9128, -4.1774, L, 0.6792, 0.0584, 0.0903, 0.4816, 0.2806
1.1420, 15.2386, -2.9383, -4.1773, 1.0898, 15.3235, -2.8934, -4.1691, R, 0.9112, 0.0584, 0.0902, 0.4805, 0.2799
0.9965, 15.0288, -2.8850, -4.2193, 0.8704, 15.1039, -3.0117, -4.2142, L, 1.9301, 0.0589, 0.0902, 0.4794, 0.2793
0.8536, 14.8169, -2.8325, -4.2598, 0.7211, 14.9252, -2.9781, -4.1323, R, 2.3618, 0.0595, 0.0903, 0.4784, 0.2788
0.7133, 14.6030, -2.7806, -4.2986, 0.6317, 14.7121, -2.7807, -4.1908, L, 0.7729, 0.0596, 0.0904, 0.4773, 0.2782
0.5756, 14.3872, -2.7295, -4.3360, 0.5195, 14.4686, -2.6297, -4.3661, R, 1.9623, 0.0596, 0.0903, 0.4762, 0.2776
0.4405, 14.1696, -2.6792, -4.3718, 0.3425, 14.2451, -2.6730, -4.4119, L, 0.6281, 0.0598, 0.0903, 0.4751, 0.2769
0.3078, 13.9502, -2.6298, -4.4062, 0.2155, 13.9902, -2.5508, -4.6249, R, 2.7178, 0.0600, 0.0901, 0.4740, 0.2767
0.1775, 13.7292, -2.5813, -4.4391, 0.2228, 13.7412, -2.1142, -4.6967, L, 4.0574, 0.0599, 0.0899, 0.4740, 0.2766
0.0497, 13.5065, -2.5338, -4.4706, 0.1177, 13.4977, -2.0009, -4.8070, R, 0.7171, 0.0600, 0.0897, 0.4743, 0.2769
-0.0758, 13.2823, -2.4873, -4.5008, -0.0560, 13.2640, -2.0924, -4.8430, L, 1.2861, 0.0598, 0.0895, 0.4740, 0.2772
-0.1990, 13.0566, -2.4418, -4.5296, -0.1757, 13.0480, -2.0644, -4.7636, R, 1.3610, 0.0597, 0.0893, 0.4736, 0.2771
-0.3199, 12.8295, -2.3974, -4.5570, -0.1605, 12.8248, -1.6769, -4.7753, L, 3.5320, 0.0606, 0.0891, 0.4750, 0.2768
-0.4387, 12.6011, -2.3541, -4.5833, -0.2776, 12.6012, -1.6809, -4.7002, R, 3.4465, 0.0614, 0.0889, 0.4761, 0.2763
-0.5553, 12.3714, -2.3120, -4.6082, -0.4019, 12.3665, -1.6990, -4.7315, L, 0.3886, 0.0621, 0.0887, 0.4768, 0.2758
-0.6698, 12.1404, -2.2711, -4.6320, -0.5272, 12.1593, -1.7429, -4.6679, R, 3.6203, 0.0627, 0.0885, 0.4770, 0.2752
-0.7823, 11.9083, -2.2314, -4.6546, -0.6023, 11.9430, -1.6473, -4.6690, L, 0.5053, 0.0637, 0.0883, 0.4775, 0.2746
-0.8929, 11.6751, -2.1930, -4.6760, -0.7323, 11.7144, -1.7100, -4.6607, R, 2.6615, 0.0644, 0.0882, 0.4776, 0.2740
-1.0016, 11.4409, -2.1559, -4.6963, -0.9435, 11.4694, -1.9839, -4.6793, L, 3.8769, 0.0644, 0.0880, 0.4766, 0.2734
-1.1085, 11.2057, -2.1202, -4.7155, -1.0506, 11.2448, -1.9926, -4.6006, R, 2.2849, 0.0644, 0.0879, 0.4757, 0.2729
-1.2136, 10.9695, -2.0858, -4.7336, -1.2342, 11.0186, -2.1847, -4.5883, L, 1.7456, 0.0643, 0.0877, 0.4747, 0.2725
-1.3171, 10.7324, -2.0527, -4.7508, -1.3085, 10.7696, -2.0299, -4.7331, R, 1.8775, 0.0641, 0.0876, 0.4736, 0.2719
-1.4189, 10.4945, -2.0211, -4.7669, -1.4397, 10.5148, -2.0715, -4.7739, L, 0.7012, 0.0640, 0.0874, 0.4726, 0.2713
-1.5192, 10.2559, -1.9909, -4.7820, -1.5295, 10.2489, -1.9698, -4.8988, R, 1.4911, 0.0639, 0.0872, 0.4716, 0.2708
-1.6180, 10.0165, -1.9622, -4.7962, -1.6209, 10.0406, -1.9152, -4.8597, L, 2.0411, 0.0637, 0.0870, 0.4706, 0.2703
-1.7154, 9.7764, -1.9350, -4.8094, -1.7095, 9.8114, -1.8671, -4.8312, R, 0.5444, 0.0636, 0.0869, 0.4696, 0.2697
-1.8115, 9.5356, -1.9092, -4.8217, -1.7768, 9.5938, -1.7631, -4.8091, L, 0.8934, 0.0635, 0.0868, 0.4687, 0.2691
-1.9063, 9.2943, -1.8850, -4.8332, -1.8926, 9.3382, -1.7700, -4.9039, R, 2.4305, 0.0634, 0.0866, 0.4678, 0.2686
-2.0000, 9.0524, -1.8623, -4.8437, -1.9739, 9.0430, -1.6978, -4.9982, L, 3.9786, 0.0633, 0.0864, 0.4669, 0.2682
-2.0926, 8.8100, -1.8412, -4.8535, -2.0587, 8.8223, -1.6818, -4.9147, R, 1.9177, 0.0632, 0.0863, 0.4661, 0.2677
-2.1841, 8.5672, -1.8216, -4.8624, -2.1539, 8.5701, -1.6707, -4.9403, L, 0.0814, 0.0631, 0.0861, 0.4652, 0.2672
-2.2747, 8.3239, -1.8037, -4.8705, -2.2898, 8.3124, -1.7741, -4.9707, R, 2.5565, 0.0629, 0.0859, 0.4642, 0.2667
-2.3645, 8.0802, -1.7873, -4.8778, -2.3257, 8.0832, -1.6044, -4.9483, L, 1.0346, 0.0628, 0.0857, 0.4634, 0.2662
-2.4535, 7.8362, -1.7725, -4.8843, -2.3822, 7.8739, -1.5178, -4.8813, R, 5.5432, 0.0629, 0.0856, 0.4627, 0.2656
-2.5418, 7.5918, -1.7593, -4.8901, -2.4999, 7.6209, -1.5892, -4.9141, L, 0.6224, 0.0628, 0.0854, 0.4619, 0.2651
-2.6294, 7.3472, -1.7478, -4.8951, -2.6710, 7.3837, -1.8512, -4.8310, R, 5.0490, 0.0627, 0.0853, 0.4610, 0.2646
-2.7166, 7.1024, -1.7379, -4.8993, -2.7764, 7.1283, -1.8783, -4.8562, L, 0.2594, 0.0627, 0.0851, 0.4601, 0.2640
-2.8033, 6.8573, -1.7296, -4.9029, -2.8297, 6.8951, -1.7285, -4.8900, R, 1.9352, 0.0626, 0.0850, 0.4592, 0.2635
-2.8896, 6.6121, -1.7230, -4.9057, -2.8620, 6.6939, -1.5741, -4.8167, L, 2.5609, 0.0625, 0.0850, 0.4584, 0.2630
-2.9756, 6.3668, -1.7180, -4.9077, -2.9186, 6.4774, -1.5458, -4.7091, R, 3.6606, 0.0625, 0.0851, 0.4576, 0.2628
-3.0614, 6.1214, -1.7146, -4.9091, -2.9719, 6.2437, -1.4707, -4.7057, L, 0.2971, 0.0626, 0.0853, 0.4569, 0.2626
-3.1471, 5.8759, -1.7130, -4.9098, -3.0942, 5.9925, -1.5580, -4.7717, R, 3.6059, 0.0626, 0.0854, 0.4561, 0.2622
-3.2327, 5.6304, -1.7129, -4.9097, -3.1822, 5.7148, -1.5684, -4.8441, L, 1.8219, 0.0626, 0.0854, 0.4553, 0.2617
-3.3184, 5.3850, -1.7146, -4.9089, -3.2940, 5.4666, -1.6939, -4.8061, R, 2.0236, 0.0624, 0.0854, 0.4544, 0.2613
-3.4042, 5.1395, -1.7179, -4.9074, -3.3955, 5.2029, -1.7368, -4.8497, L, 0.6081, 0.0623, 0.0853, 0.4535, 0.2608
-3.4903, 4.8942, -1.7228, -4.9052, -3.4589, 4.9575, -1.6410, -4.8834, R, 0.3788, 0.0622, 0.0853, 0.4526, 0.2603
-3.5766, 4.6490, -1.7294, -4.9023, -3.5809, 4.6730, -1.7317, -4.9689, L, 2.0596, 0.0621, 0.0851, 0.4517, 0.2598
-3.6633, 4.4040, -1.7376, -4.8987, -3.6913, 4.4187, -1.8500, -4.9345, R, 1.9225, 0.0620, 0.0849, 0.4509, 0.2593
-3.7504, 4.1591, -1.7475, -4.8943, -3.8319, 4.1419, -1.9766, -4.9984, L, 2.1836, 0.0621, 0.0848, 0.4503, 0.2589
-3.8381, 3.9145, -1.7590, -4.8892, -3.9062, 3.9029, -1.8671, -5.0091, R, 1.4713, 0.0621, 0.0846, 0.4494, 0.2585
-3.9263, 3.6702, -1.7721, -4.8833, -3.9751, 3.6747, -1.8121, -4.9583, L, 0.8399, 0.0621, 0.0845, 0.4486, 0.2580
-4.0153, 3.4262, -1.7869, -4.8767, -4.0715, 3.4754, -1.8720, -4.8363, R, 4.0464, 0.0621, 0.0844, 0.4478, 0.2575
-4.1051, 3.1825, -1.8032, -4.8692, -4.1632, 3.2315, -1.8774, -4.8364, L, 0.0150, 0.0620, 0.0842, 0.4469, 0.2570
-4.1957, 2.9392, -1.8211, -4.8610, -4.2795, 2.9747, -1.9730, -4.8500, R, 0.5933, 0.0621, 0.0841, 0.4462, 0.2566
-4.2873, 2.6963, -1.8406, -4.8520, -4.3724, 2.6974, -1.9772, -4.9118, L, 1.3063, 0.0622, 0.0840, 0.4454, 0.2561
-4.3798, 2.4539, -1.8617, -4.8422, -4.4567, 2.4485, -1.9261, -4.9230, R, 0.2811, 0.0623, 0.0838, 0.4446, 0.2557
-4.4735, 2.2120, -1.8844, -4.8315, -4.5634, 2.1800, -1.9516, -4.9719, L, 0.5617, 0.0624, 0.0837, 0.4437, 0.2553
-4.5684, 1.9707, -1.9085, -4.8199, -4.6714, 1.9528, -2.0887, -4.8874, R, 3.8134, 0.0626, 0.0835, 0.4430, 0.2549
-4.6644, 1.7300, -1.9342, -4.8075, -4.7908, 1.6736, -2.1374, -4.9589, L, 1.3955, 0.0630, 0.0834, 0.4424, 0.2546
-4.7619, 1.4899, -1.9614, -4.7942, -4.9134, 1.4243, -2.2306, -4.9453, R, 0.2721, 0.0636, 0.0834, 0.4419, 0.2543
-4.8607, 1.2505, -1.9901, -4.7799, -4.9713, 1.1975, -2.1660, -4.8694, L, 5.2572, 0.0638, 0.0833, 0.4412, 0.2538
-4.9609, 1.0118, -2.0202, -4.7647, -5.0634, 0.9873, -2.1349, -4.7841, R, 1.2290, 0.0640, 0.0831, 0.4404, 0.2534
-5.0628, 0.7739, -2.0517, -4.7485, -5.1229, 0.7607, -2.0800, -4.7314, L, 3.9817, 0.0640, 0.0830, 0.4396, 0.2529
-5.1662, 0.5369, -2.0847, -4.7313, -5.2189, 0.4571, -2.0906, -4.8740, R, 5.3751, 0.0639, 0.0830, 0.4388, 0.2526
-5.2713, 0.3007, -2.1191, -4.7130, -5.2932, 0.2194, -2.0588, -4.8453, L, 1.5898, 0.0638, 0.0830, 0.4380, 0.2523
-5.3782, 0.0655, -2.1548, -4.6937, -5.4017, -0.0138, -2.0140, -4.8219, R, 5.8690, 0.0637, 0.0830, 0.4373, 0.2519
-5.4869, -0.1688, -2.1918, -4.6733, -5.4712, -0.2498, -1.9705, -4.8015, L, 1.6129, 0.0636, 0.0829, 0.4367, 0.2516
-5.5975, -0.4020, -2.2301, -4.6518, -5.5919, -0.4204, -2.0811, -4.6398, R, 3.5435, 0.0635, 0.0828, 0.4360, 0.2511
-5.7100, -0.6341, -2.2697, -4.6292, -5.7281, -0.5978, -2.1828, -4.5059, L, 2.2703, 0.0634, 0.0827, 0.4352, 0.2508
-5.8246, -0.8650, -2.3106, -4.6054, -5.8448, -0.8260, -2.3295, -4.5072, R, 5.3016, 0.0633, 0.0826, 0.4345, 0.2504
-5.9412, -1.0947, -2.3526, -4.5803, -5.9407, -1.1050, -2.3035, -4.6151, L, 1.8172, 0.0632, 0.0824, 0.4337, 0.2500
-6.0599, -1.3232, -2.3958, -4.5540, -6.0286, -1.3804, -2.2567, -4.7075, R, 2.9987, 0.0631, 0.0823, 0.4330, 0.2497
-6.1809, -1.5503, -2.4401, -4.5265, -6.1684, -1.5849, -2.3523, -4.6197, L, 0.9618, 0.0630, 0.0822, 0.4323, 0.2493
-6.3041, -1.7759, -2.4855, -4.4976, -6.3144, -1.8228, -2.5672, -4.6341, R, 3.4851, 0.0629, 0.0821, 0.4315, 0.2490
-6.4295, -2.0001, -2.5320, -4.4674, -6.4216, -2.0786, -2.5579, -4.6723, L, 0.5908, 0.0628, 0.0821, 0.4308, 0.2488
-6.5574, -2.2228, -2.5795, -4.4359, -6.5731, -2.2757, -2.6371, -4.5492, R, 3.0603, 0.0627, 0.0820, 0.4300, 0.2485
-6.6876, -2.4439, -2.6279, -4.4029, -6.7246, -2.4836, -2.7311, -4.4708, L, 0.3591, 0.0626, 0.0819, 0.4293, 0.2481
-6.8203, -2.6632, -2.6772, -4.3685, -6.8817, -2.6929, -2.8323, -4.4019, R, 0.9529, 0.0626, 0.0818, 0.4286, 0.2477
-6.9555, -2.8808, -2.7274, -4.3326, -6.9711, -2.9737, -2.7420, -4.5345, L, 2.7675, 0.0625, 0.0818, 0.4279, 0.2475
-7.0932, -3.0966, -2.7784, -4.2952, -7.0986, -3.1973, -2.7226, -4.4953, R, 0.3634, 0.0624, 0.0819, 0.4272, 0.2474
-7.2334, -3.3105, -2.8302, -4.2563, -7.2237, -3.3878, -2.7600, -4.4001, L, 1.3807, 0.0623, 0.0819, 0.4265, 0.2471
-7.3763, -3.5224, -2.8827, -4.2159, -7.3686, -3.6409, -2.7803, -4.4494, R, 4.4726, 0.0622, 0.0820, 0.4258, 0.2470
-7.5218, -3.7322, -2.9358, -4.1738, -7.5314, -3.7651, -2.9243, -4.1923, L, 4.5650, 0.0621, 0.0819, 0.4250, 0.2466
-7.6700, -3.9399, -2.9895, -4.1301, -7.6774, -3.9724, -2.9903, -4.1653, R, 0.4525, 0.0620, 0.0818, 0.4243, 0.2462
-7.8209, -4.1454, -3.0438, -4.0848, -7.8293, -4.2074, -3.0239, -4.1938, L, 0.5953, 0.0619, 0.0817, 0.4236, 0.2459
-7.9746, -4.3485, -3.0986, -4.0378, -7.9802, -4.4264, -3.0517, -4.1821, R, 0.4233, 0.0618, 0.0817, 0.4229, 0.2456
-8.1310, -4.5493, -3.1538, -3.9891, -8.1390, -4.6718, -3.0804, -4.2332, L, 1.2685, 0.0617, 0.0819, 0.4222, 0.2456
-8.2901, -4.7476, -3.2093, -3.9386, -8.2758, -4.8741, -2.9966, -4.1537, R, 2.3391, 0.0616, 0.0821, 0.4216, 0.2455
-8.4520, -4.9433, -3.2651, -3.8864, -8.4045, -5.0958, -2.9743, -4.1752, L, 0.2883, 0.0615, 0.0824, 0.4213, 0.2456
-8.6168, -5.1364, -3.3212, -3.8324, -8.5518, -5.2564, -2.9712, -4.0227, R, 3.4850, 0.0615, 0.0826, 0.4210, 0.2455
-8.7843, -5.3267, -3.3774, -3.7766, -8.7416, -5.4543, -3.0819, -3.9744, L, 1.8190, 0.0615, 0.0828, 0.4207, 0.2453
-8.9547, -5.5142, -3.4338, -3.7190, -8.9014, -5.6505, -3.1172, -3.9386, R, 0.2585, 0.0614, 0.0830, 0.4204, 0.2453
-9.1279, -5.6987, -3.4901, -3.6596, -9.0564, -5.8364, -3.1531, -3.8912, L, 0.0893, 0.0615, 0.0833, 0.4201, 0.2452
-9.3039, -5.8803, -3.5464, -3.5982, -9.1960, -5.9868, -3.1251, -3.7528, R, 5.5723, 0.0617, 0.0833, 0.4201, 0.2450
-9.4827, -6.0587, -3.6026, -3.5350, -9.3763, -6.0786, -3.2506, -3.5019, L, 4.0986, 0.0619, 0.0832, 0.4199, 0.2446
-9.6643, -6.2339, -3.6586, -3.4699, -9.5543, -6.2601, -3.3298, -3.4782, R, 1.0559, 0.0621, 0.0831, 0.4197, 0.2442
-9.8487, -6.4058, -3.7143, -3.4029, -9.6876, -6.4782, -3.2818, -3.5604, L, 0.7233, 0.0627, 0.0831, 0.4197, 0.2439
-10.0359, -6.5743, -3.7697, -3.3340, -9.9166, -6.6337, -3.5190, -3.4705, R, 7.1750, 0.0630, 0.0830, 0.4193, 0.2437
-10.2259, -6.7393, -3.8246, -3.2632, -10.1199, -6.8008, -3.6190, -3.3937, L, 0.6535, 0.0631, 0.0829, 0.4187, 0.2434
-10.4186, -6.9008, -3.8791, -3.1905, -10.3077, -6.9600, -3.7098, -3.3353, R, 0.9097, 0.0634, 0.0829, 0.4182, 0.2431
-10.6140, -7.0585, -3.9329, -3.1158, -10.5374, -7.1464, -3.8328, -3.2980, L, 3.7429, 0.0634, 0.0829, 0.4175, 0.2429
-10.8121, -7.2124, -3.9861, -3.0392, -10.7476, -7.2821, -3.9423, -3.1687, R, 1.6916, 0.0634, 0.0828, 0.4169, 0.2427
-11.0128, -7.3625, -4.0386, -2.9606, -10.9946, -7.4485, -4.0847, -3.0877, L, 3.5018, 0.0633, 0.0829, 0.4162, 0.2424
-11.2161, -7.5086, -4.0902, -2.8802, -11.1851, -7.5827, -4.0859, -2.9642, R, 1.2855, 0.0632, 0.0828, 0.4155, 0.2420
-11.4220, -7.6506, -4.1409, -2.7978, -11.3276, -7.7456, -4.0081, -2.9804, L, 3.2410, 0.0634, 0.0829, 0.4149, 0.2419
-11.6304, -7.7885, -4.1907, -2.7135, -11.5251, -7.8674, -4.0461, -2.8528, R, 1.6808, 0.0635, 0.0829, 0.4144, 0.2416
-11.8413, -7.9221, -4.2393, -2.6273, -11.7025, -7.9724, -4.0593, -2.7220, L, 2.8201, 0.0639, 0.0828, 0.4138, 0.2413
-12.0546, -8.0513, -4.2868, -2.5392, -11.8965, -8.0796, -4.0366, -2.5557, R, 1.4090, 0.0644, 0.0827, 0.4134, 0.2409
-12.2702, -8.1761, -4.3331, -2.4493, -12.1096, -8.1699, -4.1128, -2.3954, L, 0.4321, 0.0650, 0.0825, 0.4129, 0.2406
-12.4881, -8.2963, -4.3780, -2.3576, -12.3408, -8.2979, -4.2865, -2.3888, R, 2.8635, 0.0654, 0.0824, 0.4123, 0.2402
-12.7082, -8.4119, -4.4216, -2.2640, -12.5426, -8.3807, -4.3187, -2.2364, L, 1.5370, 0.0659, 0.0823, 0.4117, 0.2398
-12.9304, -8.5228, -4.4636, -2.1686, -12.7499, -8.4602, -4.3015, -2.0469, R, 1.4337, 0.0666, 0.0822, 0.4112, 0.2395
-13.1547, -8.6289, -4.5041, -2.0715, -13.0284, -8.5524, -4.4571, -1.8909, L, 4.1599, 0.0669, 0.0822, 0.4105, 0.2394
-13.3810, -8.7300, -4.5429, -1.9727, -13.2826, -8.6497, -4.5942, -1.8156, R, 2.7564, 0.0670, 0.0822, 0.4099, 0.2392
-13.6092, -8.8262, -4.5800, -1.8721, -13.5016, -8.6994, -4.6238, -1.6271, L, 1.5607, 0.0672, 0.0824, 0.4093, 0.2392
-13.8392, -8.9173, -4.6152, -1.7700, -13.7197, -8.7305, -4.5793, -1.3583, R, 3.2810, 0.0674, 0.0829, 0.4087, 0.2399
-14.0709, -9.0032, -4.6486, -1.6662, -13.9386, -8.8541, -4.5829, -1.3937, L, 1.3353, 0.0677, 0.0832, 0.4081, 0.2400
-14.3043, -9.0840, -4.6800, -1.5609, -14.1955, -8.9453, -4.7400, -1.3984, R, 2.9792, 0.0678, 0.0834, 0.4074, 0.2398
-14.5391, -9.1594, -4.7094, -1.4540, -14.4136, -9.0701, -4.7172, -1.4550, L, 0.9113, 0.0681, 0.0834, 0.4068, 0.2394
-14.7754, -9.2294, -4.7366, -1.3457, -14.6419, -9.1407, -4.7070, -1.3513, R, 0.3383, 0.0684, 0.0835, 0.4062, 0.2391
-15.0130, -9.2940, -4.7616, -1.2360, -14.9328, -9.1331, -4.8460, -1.0378, L, 1.7021, 0.0684, 0.0838, 0.4056, 0.2390
-15.2517, -9.3530, -4.7844, -1.1250, -15.1936, -9.2055, -4.8990, -0.9786, R, 4.5623, 0.0684, 0.0841, 0.4050, 0.2387
-15.4916, -9.4065, -4.8048, -1.0127, -15.4545, -9.3340, -4.9252, -1.0733, L, 5.4627, 0.0683, 0.0840, 0.4045, 0.2384
-15.7324, -9.4543, -4.8228, -0.8992, -15.6956, -9.3611, -4.8708, -0.8620, R, 2.1206, 0.0683, 0.0841, 0.4039, 0.2380
-15.9741, -9.4964, -4.8383, -0.7845, -15.9497, -9.4533, -4.8935, -0.8841, L, 2.1620, 0.0682, 0.0840, 0.4033, 0.2378
-16.2164, -9.5328, -4.8512, -0.6687, -16.2009, -9.4598, -4.8905, -0.6641, R, 2.2130, 0.0681, 0.0839, 0.4027, 0.2374
-16.4594, -9.5633, -4.8616, -0.5520, -16.4522, -9.4515, -4.9207, -0.4550, L, 0.4613, 0.0680, 0.0840, 0.4021, 0.2371
-16.7027, -9.5880, -4.8693, -0.4343, -16.6674, -9.4516, -4.8550, -0.2874, R, 5.0035, 0.0679, 0.0842, 0.4015, 0.2369
-16.9464, -9.6067, -4.8743, -0.3158, -16.9530, -9.4330, -4.9310, -0.0686, L, 1.4525, 0.0678, 0.0846, 0.4009, 0.2369
-17.1903, -9.6195, -4.8765, -0.1965, -17.2039, -9.4993, -4.9762, -0.1475, R, 8.0442, 0.0677, 0.0848, 0.4004, 0.2366
-17.4342, -9.6264, -4.8758, -0.0765, -17.4640, -9.5195, -4.9956, -0.0715, L, 0.5077, 0.0676, 0.0848, 0.3998, 0.2362
-17.6781, -9.6272, -4.8723, 0.0441, -17.7217, -9.5074, -4.9775, 0.1006, R, 1.6686, 0.0676, 0.0850, 0.3993, 0.2359
-17.9216, -9.6219, -4.8659, 0.1652, -17.9769, -9.4731, -4.9857, 0.2856, L, 0.1693, 0.0675, 0.0852, 0.3987, 0.2356
-18.1648, -9.6106, -4.8565, 0.2866, -18.2205, -9.4335, -4.9328, 0.4884, R, 0.5817, 0.0675, 0.0856, 0.3982, 0.2356
-18.4074, -9.5933, -4.8441, 0.4085, -18.4137, -9.4907, -4.8359, 0.3764, L, 2.2429, 0.0674, 0.0857, 0.3976, 0.2352
-18.6493, -9.5698, -4.8286, 0.5305, -18.6488, -9.4825, -4.8554, 0.4192, R, 1.7365, 0.0673, 0.0857, 0.3970, 0.2350
-18.8904, -9.5402, -4.8101, 0.6527, -18.8982, -9.4730, -4.8565, 0.4886, L, 0.2666, 0.0672, 0.0857, 0.3965, 0.2348
-19.1305, -9.5045, -4.7885, 0.7749, -19.1273, -9.4372, -4.8516, 0.5861, R, 3.9129, 0.0671, 0.0856, 0.3959, 0.2347
-19.3694, -9.4626, -4.7638, 0.8971, -19.3793, -9.3060, -4.8499, 0.9392, L, 3.0790, 0.0670, 0.0859, 0.3954, 0.2343
-19.6069, -9.4147, -4.7359, 1.0191, -19.6129, -9.2271, -4.7673, 1.1557, R, 1.0508, 0.0669, 0.0864, 0.3948, 0.2341
-19.8431, -9.3607, -4.7049, 1.1408, -19.8685, -9.0957, -4.7481, 1.4638, L, 1.1852, 0.0668, 0.0874, 0.3942, 0.2344
-20.0775, -9.3006, -4.6707, 1.2622, -20.1089, -8.9898, -4.7165, 1.6629, R, 4.8627, 0.0668, 0.0888, 0.3937, 0.2351
-20.3102, -9.2345, -4.6333, 1.3830, -20.2657, -9.1484, -4.5813, 1.1718, L, 14.6645, 0.0667, 0.0888, 0.3931, 0.2350
-20.5409, -9.1623, -4.5927, 1.5033, -20.5034, -9.1120, -4.5953, 1.1959, R, 1.5520, 0.0666, 0.0887, 0.3926, 0.2352
-20.7696, -9.0841, -4.5490, 1.6230, -20.7278, -9.0091, -4.5625, 1.3835, L, 0.7805, 0.0666, 0.0887, 0.3920, 0.2352
-20.9959, -8.9999, -4.5020, 1.7418, -20.9702, -8.9286, -4.5409, 1.5146, R, 2.5310, 0.0665, 0.0887, 0.3915, 0.2352
-21.2198, -8.9099, -4.4519, 1.8597, -21.1649, -8.8612, -4.4602, 1.5780, L, 1.1393, 0.0665, 0.0886, 0.3909, 0.2354
-21.4412, -8.8139, -4.3986, 1.9767, -21.3978, -8.7749, -4.4192, 1.7027, R, 1.9658, 0.0664, 0.0885, 0.3904, 0.2355
-21.6597, -8.7122, -4.3422, 2.0925, -21.5867, -8.7561, -4.3412, 1.6284, L, 1.3777, 0.0664, 0.0884, 0.3898, 0.2364
-21.8754, -8.6047, -4.2827, 2.2071, -21.7753, -8.6149, -4.1539, 1.9009, R, 6.2861, 0.0666, 0.0883, 0.3893, 0.2366
-22.0881, -8.4914, -4.2201, 2.3204, -21.9780, -8.5353, -4.1038, 1.9612, L, 0.0849, 0.0667, 0.0882, 0.3888, 0.2371
-22.2975, -8.3726, -4.1544, 2.4323, -22.1878, -8.4325, -4.1121, 2.0400, R, 2.1578, 0.0669, 0.0881, 0.3883, 0.2377
-22.5035, -8.2482, -4.0856, 2.5427, -22.4230, -8.3265, -4.1125, 2.1452, L, 1.4023, 0.0669, 0.0881, 0.3878, 0.2382
-22.7061, -8.1183, -4.0139, 2.6515, -22.6124, -8.2142, -4.0138, 2.2562, R, 0.7909, 0.0670, 0.0881, 0.3872, 0.2388
-22.9049, -7.9830, -3.9392, 2.7585, -22.8612, -7.9486, -3.9811, 2.7204, L, 6.2057, 0.0669, 0.0880, 0.3867, 0.2385
-23.1000, -7.8424, -3.8616, 2.8637, -23.0523, -7.7955, -3.8064, 2.9106, R, 3.1688, 0.0669, 0.0879, 0.3862, 0.2382
-23.2911, -7.6966, -3.7812, 2.9670, -23.2829, -7.6103, -3.7640, 3.1245, L, 2.2197, 0.0668, 0.0879, 0.3856, 0.2380
-23.4781, -7.5457, -3.6979, 3.0683, -23.4855, -7.4722, -3.7923, 3.1430, R, 2.0535, 0.0667, 0.0879, 0.3852, 0.2377
-23.6609, -7.3898, -3.6119, 3.1675, -23.6488, -7.3331, -3.6737, 3.1952, L, 0.6915, 0.0666, 0.0878, 0.3846, 0.2374
-23.8393, -7.2290, -3.5232, 3.2645, -23.8421, -7.1702, -3.6358, 3.2828, R, 0.9356, 0.0665, 0.0877, 0.3842, 0.2371
-24.0132, -7.0634, -3.4319, 3.3592, -23.9985, -7.0900, -3.5392, 3.1822, L, 2.1906, 0.0665, 0.0876, 0.3837, 0.2369
-24.1825, -6.8931, -3.3380, 3.4515, -24.1665, -6.9059, -3.4141, 3.3305, R, 1.9365, 0.0664, 0.0875, 0.3832, 0.2367
-24.3470, -6.7182, -3.2417, 3.5414, -24.3319, -6.6421, -3.2821, 3.6276, L, 3.0327, 0.0663, 0.0875, 0.3827, 0.2364
-24.5066, -6.5390, -3.1429, 3.6287, -24.4996, -6.4641, -3.1493, 3.7275, R, 3.4610, 0.0662, 0.0874, 0.3822, 0.2361
-24.6612, -6.3554, -3.0418, 3.7135, -24.5915, -6.3379, -2.9612, 3.6735, L, 5.2855, 0.0662, 0.0873, 0.3817, 0.2358
-24.8107, -6.1676, -2.9385, 3.7955, -24.7326, -6.1503, -2.8533, 3.7587, R, 0.2980, 0.0662, 0.0872, 0.3812, 0.2355
-24.9550, -5.9759, -2.8330, 3.8748, -24.9178, -5.9399, -2.8107, 3.8912, L, 2.8140, 0.0662, 0.0871, 0.3807, 0.2352
-25.0940, -5.7802, -2.7254, 3.9513, -25.0496, -5.7337, -2.7030, 3.9827, R, 1.8358, 0.0661, 0.0870, 0.3802, 0.2349
-25.2276, -5.5808, -2.6158, 4.0249, -25.1809, -5.5676, -2.6017, 3.9854, L, 0.3827, 0.0661, 0.0869, 0.3797, 0.2346
-25.3556, -5.3778, -2.5043, 4.0956, -25.3355, -5.3822, -2.6080, 4.0034, R, 1.2955, 0.0660, 0.0868, 0.3792, 0.2343
-25.4779, -5.1713, -2.3911, 4.1632, -25.4824, -5.1535, -2.5316, 4.1248, L, 0.6044, 0.0659, 0.0867, 0.3788, 0.2340
-25.5946, -4.9615, -2.2761, 4.2278, -25.6134, -4.9790, -2.5233, 4.0938, R, 6.1329, 0.0658, 0.0866, 0.3785, 0.2338
-25.7055, -4.7486, -2.1596, 4.2893, -25.7277, -4.8139, -2.4287, 4.0639, L, 0.5457, 0.0658, 0.0865, 0.3782, 0.2338
-25.8105, -4.5327, -2.0415, 4.3476, -25.8478, -4.6079, -2.3543, 4.1152, R, 0.1342, 0.0657, 0.0865, 0.3781, 0.2338
-25.9096, -4.3139, -1.9220, 4.4028, -25.9636, -4.3588, -2.2543, 4.2499, L, 0.5568, 0.0657, 0.0864, 0.3780, 0.2336
-26.0027, -4.0925, -1.8012, 4.4547, -26.0708, -4.1359, -2.0161, 4.3522, R, 11.4077, 0.0657, 0.0864, 0.3776, 0.2334
-26.0897, -3.8686, -1.6793, 4.5034, -26.1642, -3.8422, -1.8596, 4.5537, L, 1.8553, 0.0657, 0.0863, 0.3773, 0.2331
-26.1706, -3.6423, -1.5562, 4.5487, -26.2376, -3.6011, -1.5875, 4.6519, R, 3.3062, 0.0657, 0.0862, 0.3768, 0.2329
-26.2453, -3.4138, -1.4322, 4.5908, -26.2638, -3.3335, -1.3346, 4.7548, L, 4.2002, 0.0656, 0.0862, 0.3763, 0.2327
-26.3138, -3.1833, -1.3073, 4.6295, -26.3144, -3.0874, -1.1133, 4.8160, R, 0.2381, 0.0656, 0.0862, 0.3760, 0.2326
-26.3760, -2.9510, -1.1816, 4.6649, -26.3347, -2.8578, -0.8972, 4.8199, L, 1.3993, 0.0655, 0.0862, 0.3758, 0.2324
-26.4319, -2.7170, -1.0553, 4.6970, -26.3946, -2.6341, -0.8143, 4.8116, R, 1.6615, 0.0654, 0.0862, 0.3755, 0.2322
-26.4815, -2.4814, -0.9284, 4.7256, -26.4673, -2.4962, -0.7562, 4.6502, L, 5.9525, 0.0654, 0.0861, 0.3751, 0.2319
-26.5247, -2.2446, -0.8011, 4.7509, -26.5242, -2.2623, -0.7072, 4.6701, R, 1.1996, 0.0653, 0.0860, 0.3746, 0.2317
-26.5616, -2.0065, -0.6734, 4.7728, -26.5731, -2.0717, -0.6115, 4.6108, L, 1.1369, 0.0652, 0.0859, 0.3742, 0.2315
-26.5921, -1.7674, -0.5456, 4.7914, -26.6049, -1.8369, -0.5434, 4.6280, R, 2.0423, 0.0651, 0.0859, 0.3737, 0.2314
-26.6161, -1.5275, -0.4176, 4.8066, -26.6034, -1.5840, -0.3684, 4.6756, L, 1.1494, 0.0650, 0.0858, 0.3732, 0.2312
-26.6338, -1.2869, -0.2895, 4.8185, -26.5996, -1.3582, -0.1554, 4.6688, R, 1.6200, 0.0650, 0.0858, 0.3728, 0.2310
-26.6451, -1.0459, -0.1616, 4.8271, -26.6032, -1.1303, -0.0175, 4.6608, L, 0.0105, 0.0649, 0.0858, 0.3724, 0.2309
-26.6500, -0.8044, -0.0339, 4.8324, -26.6331, -0.9092, 0.0400, 4.6441, R, 5.1657, 0.0649, 0.0858, 0.3720, 0.2308
-26.6485, -0.5628, 0.0935, 4.8344, -26.6453, -0.6520, 0.1458, 4.6932, L, 0.6370, 0.0648, 0.0859, 0.3715, 0.2306
-26.6406, -0.3212, 0.2206, 4.8332, -26.6322, -0.4104, 0.3424, 4.7024, R, 2.2707, 0.0647, 0.0859, 0.3711, 0.2304
-26.6264, -0.0797, 0.3471, 4.8287, -26.5868, -0.1039, 0.5483, 4.8171, L, 2.6348, 0.0646, 0.0858, 0.3708, 0.2301
-26.6059, 0.1615, 0.4730, 4.8212, -26.5677, 0.1367, 0.6896, 4.8032, R, 2.7511, 0.0646, 0.0857, 0.3705, 0.2298
-26.5792, 0.4022, 0.5983, 4.8104, -26.5440, 0.4375, 0.8250, 4.8997, L, 1.5349, 0.0645, 0.0856, 0.3702, 0.2296
-26.5462, 0.6423, 0.7227, 4.7967, -26.5330, 0.6779, 0.8389, 4.8776, R, 1.8168, 0.0645, 0.0855, 0.3698, 0.2293
-26.5069, 0.8817, 0.8463, 4.7799, -26.5264, 0.9635, 0.9063, 4.9443, L, 2.7826, 0.0644, 0.0855, 0.3693, 0.2292
-26.4616, 1.1201, 0.9690, 4.7601, -26.4884, 1.2304, 0.9178, 4.9664, R, 6.6935, 0.0643, 0.0856, 0.3689, 0.2291
-26.4101, 1.3575, 1.0905, 4.7374, -26.4334, 1.4610, 1.0406, 4.9103, L, 0.1604, 0.0643, 0.0856, 0.3684, 0.2290
-26.3526, 1.5936, 1.2110, 4.7118, -26.3937, 1.6780, 1.0875, 4.8386, R, 8.3209, 0.0642, 0.0856, 0.3680, 0.2288
-26.2891, 1.8284, 1.3302, 4.6834, -26.3413, 1.8804, 1.1792, 4.7412, L, 0.5065, 0.0642, 0.0855, 0.3677, 0.2286
-26.2197, 2.0617, 1.4481, 4.6524, -26.2716, 2.1112, 1.3319, 4.6982, R, 0.3688, 0.0642, 0.0855, 0.3673, 0.2283
-26.1444, 2.2934, 1.5647, 4.6186, -26.2116, 2.2956, 1.4157, 4.5743, L, 0.8716, 0.0642, 0.0854, 0.3669, 0.2280
-26.0633, 2.5234, 1.6798, 4.5822, -26.1485, 2.5217, 1.4565, 4.5447, R, 0.5717, 0.0642, 0.0853, 0.3666, 0.2278
-25.9765, 2.7514, 1.7934, 4.5433, -26.0712, 2.7661, 1.5606, 4.5464, L, 0.1102, 0.0643, 0.0852, 0.3663, 0.2275
-25.8841, 2.9775, 1.9054, 4.5020, -25.9744, 2.9880, 1.7918, 4.4810, R, 3.1284, 0.0644, 0.0851, 0.3659, 0.2272
-25.7861, 3.2014, 2.0158, 4.4583, -25.8714, 3.2754, 1.9354, 4.5552, L, 1.4238, 0.0645, 0.0850, 0.3655, 0.2270
-25.6826, 3.4231, 2.1245, 4.4123, -25.7881, 3.5068, 2.0278, 4.5192, R, 2.1088, 0.0646, 0.0850, 0.3651, 0.2268
-25.5737, 3.6424, 2.2315, 4.3640, -25.6828, 3.7021, 2.1371, 4.4103, L, 0.2994, 0.0647, 0.0850, 0.3647, 0.2265
-25.4596, 3.8592, 2.3366, 4.3137, -25.5661, 3.9085, 2.2729, 4.3248, R, 1.1462, 0.0649, 0.0849, 0.3643, 0.2262
-25.3402, 4.0735, 2.4399, 4.2612, -25.5007, 4.0798, 2.2884, 4.1968, L, 3.7471, 0.0653, 0.0848, 0.3639, 0.2260
-25.2157, 4.2851, 2.5413, 4.2069, -25.3780, 4.2793, 2.4097, 4.1166, R, 0.5938, 0.0657, 0.0847, 0.3635, 0.2258
-25.0863, 4.4940, 2.6407, 4.1506, -25.2163, 4.5019, 2.5855, 4.0757, L, 2.0755, 0.0659, 0.0846, 0.3631, 0.2255
-24.9518, 4.7000, 2.7382, 4.0925, -25.0667, 4.6972, 2.6594, 4.0020, R, 9.0071, 0.0660, 0.0845, 0.3627, 0.2253
-24.8126, 4.9030, 2.8336, 4.0327, -24.9488, 4.8900, 2.7274, 3.9298, L, 0.4098, 0.0663, 0.0844, 0.3623, 0.2251
-24.6686, 5.1030, 2.9270, 3.9713, -24.7929, 5.0798, 2.8460, 3.8472, R, 2.3211, 0.0665, 0.0843, 0.3619, 0.2249
-24.5201, 5.2999, 3.0183, 3.9084, -24.6229, 5.2993, 2.9880, 3.8252, L, 0.9592, 0.0666, 0.0842, 0.3615, 0.2247
-24.3670, 5.4937, 3.1075, 3.8440, -24.4505, 5.4762, 3.1799, 3.6952, R, 0.8522, 0.0666, 0.0841, 0.3611, 0.2245
-24.2095, 5.6841, 3.1946, 3.7783, -24.2621, 5.6487, 3.3242, 3.5748, L, 1.2046, 0.0666, 0.0840, 0.3607, 0.2245
-24.0477, 5.8713, 3.2796, 3.7113, -24.0976, 5.8071, 3.4454, 3.4332, R, 3.0888, 0.0666, 0.0840, 0.3604, 0.2246
-23.8818, 6.0551, 3.3624, 3.6431, -23.9228, 5.9663, 3.5431, 3.3100, L, 0.0350, 0.0665, 0.0840, 0.3601, 0.2249
-23.7117, 6.2354, 3.4430, 3.5738, -23.7816, 6.1523, 3.4241, 3.3187, R, 4.8215, 0.0665, 0.0840, 0.3597, 0.2250
-23.5377, 6.4123, 3.5215, 3.5036, -23.6158, 6.3072, 3.4892, 3.2197, L, 0.0714, 0.0666, 0.0841, 0.3592, 0.2252
-23.3598, 6.5856, 3.5978, 3.4324, -23.4678, 6.4800, 3.4652, 3.1945, R, 1.6144, 0.0667, 0.0841, 0.3589, 0.2252
-23.1781, 6.7553, 3.6718, 3.3604, -23.2394, 6.7174, 3.6254, 3.2768, L, 4.3271, 0.0667, 0.0840, 0.3585, 0.2250
-22.9928, 6.9215, 3.7438, 3.2877, -23.0438, 6.8576, 3.6924, 3.1591, R, 5.5036, 0.0666, 0.0840, 0.3581, 0.2248
-22.8040, 7.0839, 3.8135, 3.2143, -22.8298, 7.0347, 3.8042, 3.1209, L, 0.9845, 0.0666, 0.0839, 0.3577, 0.2246
-22.6117, 7.2427, 3.8811, 3.1404, -22.6163, 7.1691, 3.9405, 2.9732, R, 1.6691, 0.0665, 0.0839, 0.3573, 0.2245
-22.4161, 7.3978, 3.9465, 3.0660, -22.4331, 7.3120, 3.9806, 2.8813, L, 0.3018, 0.0664, 0.0839, 0.3568, 0.2244
-22.2173, 7.5492, 4.0097, 2.9912, -22.2012, 7.4397, 4.1977, 2.6967, R, 2.5555, 0.0664, 0.0840, 0.3566, 0.2246
-22.0154, 7.6968, 4.0709, 2.9161, -22.0194, 7.6021, 4.2246, 2.6636, L, 2.1010, 0.0663, 0.0840, 0.3562, 0.2246
-21.8105, 7.8406, 4.1299, 2.8407, -21.8348, 7.7785, 4.1614, 2.7133, R, 5.6541, 0.0662, 0.0840, 0.3558, 0.2245
-21.6026, 7.9807, 4.1868, 2.7653, -21.6282, 7.9200, 4.2143, 2.6439, L, 0.0432, 0.0662, 0.0839, 0.3554, 0.2243
-21.3920, 8.1170, 4.2417, 2.6897, -21.4375, 8.0551, 4.2108, 2.5857, R, 1.5737, 0.0661, 0.0839, 0.3550, 0.2241
-21.1787, 8.2496, 4.2945, 2.6142, -21.2182, 8.0781, 4.2554, 2.2669, L, 4.6561, 0.0661, 0.0842, 0.3546, 0.2244
-20.9628, 8.3783, 4.3453, 2.5387, -21.0270, 8.2348, 4.1640, 2.3359, R, 5.7813, 0.0661, 0.0844, 0.3543, 0.2244
-20.7444, 8.5033, 4.3941, 2.4634, -20.8506, 8.3892, 4.1572, 2.3561, L, 2.9500, 0.0662, 0.0844, 0.3541, 0.2242
-20.5237, 8.6246, 4.4409, 2.3883, -20.6060, 8.5004, 4.3246, 2.2267, R, 4.7787, 0.0662, 0.0846, 0.3538, 0.2241
-20.3006, 8.7421, 4.4858, 2.3136, -20.3539, 8.6439, 4.4276, 2.2160, L, 1.3053, 0.0662, 0.0846, 0.3534, 0.2239
-20.0753, 8.8558, 4.5288, 2.2392, -20.1550, 8.7781, 4.3553, 2.2461, R, 1.4500, 0.0662, 0.0846, 0.3531, 0.2236
-19.8480, 8.9659, 4.5700, 2.1652, -19.9603, 8.8752, 4.3497, 2.1520, L, 0.5863, 0.0664, 0.0846, 0.3528, 0.2234
-19.6186, 9.0723, 4.6094, 2.0918, -19.7610, 8.9948, 4.2970, 2.1552, R, 0.9528, 0.0666, 0.0846, 0.3527, 0.2232
-19.3873, 9.1750, 4.6469, 2.0189, -19.5428, 9.0627, 4.3240, 2.0122, L, 0.7255, 0.0670, 0.0846, 0.3527, 0.2229
-19.1542, 9.2741, 4.6828, 1.9467, -19.2991, 9.1720, 4.4354, 1.9460, R, 4.6538, 0.0672, 0.0847, 0.3525, 0.2227
-18.9193, 9.3696, 4.7169, 1.8751, -19.0097, 9.2678, 4.5722, 1.8692, L, 6.1190, 0.0673, 0.0847, 0.3522, 0.2224
-18.6827, 9.4615, 4.7494, 1.8043, -18.7927, 9.3501, 4.5950, 1.7658, R, 1.7110, 0.0674, 0.0848, 0.3518, 0.2222
-18.4446, 9.5500, 4.7803, 1.7343, -18.5354, 9.4550, 4.6708, 1.7298, L, 0.7034, 0.0675, 0.0848, 0.3515, 0.2219
-18.2049, 9.6349, 4.8096, 1.6651, -18.2684, 9.4831, 4.8300, 1.4374, R, 5.7617, 0.0675, 0.0850, 0.3511, 0.2219
-17.9639, 9.7164, 4.8374, 1.5969, -17.9683, 9.6220, 4.9733, 1.4916, L, 2.9743, 0.0674, 0.0850, 0.3508, 0.2218
-17.7214, 9.7946, 4.8637, 1.5296, -17.7206, 9.7216, 4.9334, 1.5223, R, 2.9148, 0.0673, 0.0850, 0.3504, 0.2215
-17.4777, 9.8694, 4.8886, 1.4634, -17.4435, 9.8310, 5.0135, 1.5252, L, 0.7679, 0.0673, 0.0849, 0.3501, 0.2213
-17.2328, 9.9409, 4.9120, 1.3982, -17.1921, 9.9126, 5.0455, 1.4593, R, 0.3947, 0.0672, 0.0849, 0.3498, 0.2211
-16.9868, 10.0091, 4.9342, 1.3341, -16.9184, 10.0368, 5.1127, 1.5095, L, 0.8464, 0.0672, 0.0848, 0.3495, 0.2210
-16.7396, 10.0743, 4.9551, 1.2711, -16.6597, 10.1087, 5.1403, 1.4303, R, 0.0411, 0.0673, 0.0847, 0.3492, 0.2209
-16.4915, 10.1362, 4.9747, 1.2094, -16.4150, 10.2098, 5.1470, 1.4324, L, 1.0788, 0.0673, 0.0847, 0.3489, 0.2209
-16.2424, 10.1952, 4.9931, 1.1488, -16.1539, 10.2827, 5.1895, 1.3531, R, 0.4644, 0.0673, 0.0847, 0.3487, 0.2208
-15.9924, 10.2511, 5.0104, 1.0896, -15.9286, 10.2915, 5.1361, 1.1468, L, 1.1670, 0.0673, 0.0846, 0.3483, 0.2206
-15.7416, 10.3041, 5.0266, 1.0316, -15.6795, 10.3596, 5.1179, 1.1238, R, 0.2642, 0.0673, 0.0846, 0.3480, 0.2204
-15.4899, 10.3543, 5.0417, 0.9750, -15.4700, 10.3371, 5.0313, 0.8759, L, 2.1088, 0.0672, 0.0845, 0.3476, 0.2202
-15.2376, 10.4016, 5.0558, 0.9197, -15.1695, 10.3646, 5.1950, 0.6828, R, 7.5545, 0.0672, 0.0844, 0.3473, 0.2203
-14.9846, 10.4462, 5.0689, 0.8658, -14.9093, 10.4165, 5.2165, 0.6301, L, 0.2195, 0.0673, 0.0843, 0.3470, 0.2203
-14.7309, 10.4882, 5.0811, 0.8134, -14.6690, 10.4519, 5.0990, 0.6498, R, 6.6569, 0.0673, 0.0843, 0.3466, 0.2202
-14.4766, 10.5276, 5.0924, 0.7624, -14.4343, 10.4075, 5.0442, 0.3998, L, 2.1548, 0.0672, 0.0843, 0.3463, 0.2206
-14.2218, 10.5645, 5.1029, 0.7129, -14.1750, 10.4316, 5.0539, 0.3396, R, 0.5644, 0.0672, 0.0845, 0.3459, 0.2210
-13.9665, 10.5989, 5.1126, 0.6649, -13.8569, 10.5983, 5.2200, 0.6231, L, 7.7013, 0.0673, 0.0844, 0.3456, 0.2208
-13.7107, 10.6310, 5.1216, 0.6185, -13.5986, 10.6657, 5.1688, 0.7321, R, 1.7136, 0.0674, 0.0843, 0.3452, 0.2206
-13.4545, 10.6608, 5.1298, 0.5736, -13.3561, 10.6578, 5.1370, 0.5831, L, 0.7062, 0.0675, 0.0842, 0.3449, 0.2204
-13.1979, 10.6884, 5.1374, 0.5303, -13.0918, 10.6827, 5.1689, 0.5090, R, 0.2591, 0.0676, 0.0841, 0.3445, 0.2202
-12.9409, 10.7138, 5.1444, 0.4886, -12.8352, 10.7806, 5.1934, 0.6293, L, 3.7760, 0.0677, 0.0841, 0.3441, 0.2200
-12.6836, 10.7373, 5.1507, 0.4485, -12.5667, 10.8346, 5.2087, 0.6599, R, 1.2085, 0.0678, 0.0841, 0.3438, 0.2200
-12.4260, 10.7587, 5.1565, 0.4100, -12.3421, 10.7917, 5.1298, 0.4446, L, 2.1755, 0.0679, 0.0841, 0.3434, 0.2198
-12.1681, 10.7783, 5.1618, 0.3732, -12.0843, 10.8296, 5.1169, 0.4699, R, 0.4137, 0.0679, 0.0840, 0.3431, 0.2196
-11.9100, 10.7961, 5.1666, 0.3380, -11.8379, 10.8956, 5.1187, 0.5286, L, 1.9341, 0.0679, 0.0840, 0.3427, 0.2196
-11.6516, 10.8121, 5.1709, 0.3045, -11.5582, 10.9167, 5.1702, 0.4771, R, 2.7033, 0.0680, 0.0841, 0.3424, 0.2195
-11.3930, 10.8265, 5.1748, 0.2728, -11.3347, 10.9273, 5.1098, 0.4079, L, 0.8270, 0.0680, 0.0841, 0.3420, 0.2193
-11.1342, 10.8394, 5.1784, 0.2427, -11.0717, 10.8537, 5.2085, -0.0432, R, 9.5152, 0.0680, 0.0840, 0.3417, 0.2195
-10.8753, 10.8509, 5.1815, 0.2143, -10.7770, 10.8251, 5.2540, -0.1804, L, 2.7134, 0.0680, 0.0840, 0.3414, 0.2200
-10.6161, 10.8609, 5.1844, 0.1877, -10.5230, 10.8219, 5.2270, -0.2299, R, 0.2567, 0.0681, 0.0839, 0.3410, 0.2206
-10.3569, 10.8697, 5.1869, 0.1628, -10.2922, 10.8122, 5.1722, -0.3070, L, 1.0090, 0.0681, 0.0839, 0.3407, 0.2214
-10.0976, 10.8772, 5.1891, 0.1396, -10.0450, 10.8702, 5.0782, -0.0632, R, 6.7572, 0.0681, 0.0838, 0.3403, 0.2213
-9.8381, 10.8837, 5.1911, 0.1182, -9.7813, 10.9214, 5.1160, 0.0179, L, 2.0170, 0.0680, 0.0837, 0.3400, 0.2212
-9.5785, 10.8891, 5.1928, 0.0986, -9.5561, 10.8971, 5.0504, -0.0754, R, 3.9215, 0.0680, 0.0836, 0.3397, 0.2211
-9.3189, 10.8936, 5.1943, 0.0807, -9.2927, 10.9266, 5.0823, -0.0386, L, 0.6852, 0.0679, 0.0835, 0.3394, 0.2209
-9.0592, 10.8972, 5.1956, 0.0646, -9.0503, 10.9041, 5.0432, -0.0999, R, 2.5649, 0.0679, 0.0835, 0.3391, 0.2208
-8.7994, 10.9001, 5.1967, 0.0502, -8.7822, 10.9395, 5.0866, -0.0422, L, 1.0010, 0.0678, 0.0834, 0.3388, 0.2206
-8.5395, 10.9023, 5.1976, 0.0377, -8.5475, 10.8922, 5.0348, -0.1742, R, 6.4179, 0.0677, 0.0833, 0.3386, 0.2206
-8.2797, 10.9039, 5.1984, 0.0269, -8.3937, 10.8065, 4.8235, -0.3833, L, 4.7581, 0.0679, 0.0833, 0.3387, 0.2212
-8.0197, 10.9050, 5.1990, 0.0180, -8.1444, 10.8183, 4.8246, -0.3175, R, 1.4305, 0.0680, 0.0833, 0.3387, 0.2215
-7.7598, 10.9057, 5.1994, 0.0108, -7.7922, 10.8759, 5.0516, -0.1699, L, 5.7463, 0.0680, 0.0833, 0.3385, 0.2214
-7.4998, 10.9061, 5.1997, 0.0054, -7.5282, 10.8775, 5.0524, -0.1125, R, 1.8610, 0.0679, 0.0832, 0.3382, 0.2212
-7.2398, 10.9063, 5.1999, 0.0018, -7.2500, 10.8684, 5.0976, -0.1270, L, 0.6327, 0.0678, 0.0831, 0.3379, 0.2211
